creation_year	parent_page_title	year	revid	num_ills_that_year
2001.0	Wikipedia:Urheberrechte beachten	2001	1	1
2001.0	Wikipedia:Urheberrechte beachten	2002	7	3
2001.0	Wikipedia:Urheberrechte beachten	2003	36	4
2001.0	Wikipedia:Urheberrechte beachten	2004	110	4
2001.0	Wikipedia:Urheberrechte beachten	2005	132	4
2001.0	Wikipedia:Urheberrechte beachten	2006	118	4
2001.0	Wikipedia:Urheberrechte beachten	2007	64	4
2001.0	Wikipedia:Urheberrechte beachten	2008	65	5
2001.0	Wikipedia:Urheberrechte beachten	2009	51	5
2001.0	Wikipedia:Urheberrechte beachten	2010	23	5
2001.0	Wikipedia:Urheberrechte beachten	2011	51	5
2001.0	Wikipedia:Urheberrechte beachten	2012	19	5
2001.0	Wikipedia:Urheberrechte beachten	2013	21	5
2001.0	Wikipedia:Urheberrechte beachten	2014	28	5
2001.0	Wikipedia:Urheberrechte beachten	2015	5	5
2001.0	Wikipedia:Urheberrechte beachten	2017	11	5
2001.0	Wikipedia:Urheberrechte beachten	2018	4	5
2001.0	Wikipedia:Urheberrechte beachten	2019	7	5
2001.0	Wikipedia:Urheberrechte beachten	2020	17	5
2002.0	Wikipedia:Begriffsklärung	2002	109	3
2002.0	Wikipedia:Begriffsklärung	2003	739	3
2002.0	Wikipedia:Begriffsklärung	2004	822	4
2002.0	Wikipedia:Begriffsklärung	2005	438	4
2002.0	Wikipedia:Begriffsklärung	2006	548	4
2002.0	Wikipedia:Begriffsklärung	2007	604	4
2002.0	Wikipedia:Begriffsklärung	2008	308	4
2002.0	Wikipedia:Begriffsklärung	2009	401	4
2002.0	Wikipedia:Begriffsklärung	2010	563	5
2002.0	Wikipedia:Begriffsklärung	2011	315	5
2002.0	Wikipedia:Begriffsklärung	2012	266	5
2002.0	Wikipedia:Begriffsklärung	2013	453	5
2002.0	Wikipedia:Begriffsklärung	2014	205	5
2002.0	Wikipedia:Begriffsklärung	2015	344	5
2002.0	Wikipedia:Begriffsklärung	2016	205	5
2002.0	Wikipedia:Begriffsklärung	2017	821	5
2002.0	Wikipedia:Begriffsklärung	2018	312	5
2002.0	Wikipedia:Begriffsklärung	2019	691	5
2002.0	Wikipedia:Begriffsklärung	2020	652	5
2002.0	Wikipedia:Datumskonventionen	2002	7	1
2002.0	Wikipedia:Datumskonventionen	2003	19	2
2002.0	Wikipedia:Datumskonventionen	2004	31	2
2002.0	Wikipedia:Datumskonventionen	2005	222	2
2002.0	Wikipedia:Datumskonventionen	2006	218	2
2002.0	Wikipedia:Datumskonventionen	2007	61	2
2002.0	Wikipedia:Datumskonventionen	2008	75	2
2002.0	Wikipedia:Datumskonventionen	2009	103	2
2002.0	Wikipedia:Datumskonventionen	2010	61	2
2002.0	Wikipedia:Datumskonventionen	2011	51	2
2002.0	Wikipedia:Datumskonventionen	2012	72	2
2002.0	Wikipedia:Datumskonventionen	2013	45	2
2002.0	Wikipedia:Datumskonventionen	2014	39	2
2002.0	Wikipedia:Datumskonventionen	2015	9	2
2002.0	Wikipedia:Datumskonventionen	2016	23	2
2002.0	Wikipedia:Datumskonventionen	2017	16	2
2002.0	Wikipedia:Datumskonventionen	2018	2	2
2002.0	Wikipedia:Datumskonventionen	2019	5	2
2002.0	Wikipedia:Datumskonventionen	2020	16	2
2002.0	Wikipedia:Formatierung	2002	18	4
2002.0	Wikipedia:Formatierung	2003	65	5
2002.0	Wikipedia:Formatierung	2004	97	5
2002.0	Wikipedia:Formatierung	2005	164	5
2002.0	Wikipedia:Formatierung	2006	88	5
2002.0	Wikipedia:Formatierung	2007	49	5
2002.0	Wikipedia:Formatierung	2008	80	5
2002.0	Wikipedia:Formatierung	2009	63	5
2002.0	Wikipedia:Formatierung	2010	44	5
2002.0	Wikipedia:Formatierung	2011	42	5
2002.0	Wikipedia:Formatierung	2012	64	5
2002.0	Wikipedia:Formatierung	2013	58	5
2002.0	Wikipedia:Formatierung	2014	49	5
2002.0	Wikipedia:Formatierung	2015	15	5
2002.0	Wikipedia:Formatierung	2016	3	5
2002.0	Wikipedia:Formatierung	2017	62	5
2002.0	Wikipedia:Formatierung	2018	9	5
2002.0	Wikipedia:Formatierung	2019	27	5
2002.0	Wikipedia:Formatierung	2020	14	5
2002.0	Wikipedia:Fremdwortformatierung	2002	2	1
2002.0	Wikipedia:Fremdwortformatierung	2003	5	1
2002.0	Wikipedia:Fremdwortformatierung	2004	10	1
2002.0	Wikipedia:Fremdwortformatierung	2005	90	1
2002.0	Wikipedia:Fremdwortformatierung	2006	33	1
2002.0	Wikipedia:Fremdwortformatierung	2007	23	1
2002.0	Wikipedia:Fremdwortformatierung	2008	23	1
2002.0	Wikipedia:Fremdwortformatierung	2009	18	1
2002.0	Wikipedia:Fremdwortformatierung	2010	4	1
2002.0	Wikipedia:Fremdwortformatierung	2011	15	1
2002.0	Wikipedia:Fremdwortformatierung	2012	25	1
2002.0	Wikipedia:Fremdwortformatierung	2013	10	1
2002.0	Wikipedia:Fremdwortformatierung	2014	27	1
2002.0	Wikipedia:Fremdwortformatierung	2015	1	1
2002.0	Wikipedia:Fremdwortformatierung	2016	9	1
2002.0	Wikipedia:Fremdwortformatierung	2017	3	1
2002.0	Wikipedia:Fremdwortformatierung	2018	6	1
2002.0	Wikipedia:Fremdwortformatierung	2019	4	1
2002.0	Wikipedia:Fremdwortformatierung	2020	4	1
2002.0	Wikipedia:Grundprinzipien	2002	13	1
2002.0	Wikipedia:Grundprinzipien	2003	105	1
2002.0	Wikipedia:Grundprinzipien	2004	27	2
2002.0	Wikipedia:Grundprinzipien	2005	73	3
2002.0	Wikipedia:Grundprinzipien	2006	66	5
2002.0	Wikipedia:Grundprinzipien	2007	174	5
2002.0	Wikipedia:Grundprinzipien	2008	137	5
2002.0	Wikipedia:Grundprinzipien	2009	65	5
2002.0	Wikipedia:Grundprinzipien	2010	112	5
2002.0	Wikipedia:Grundprinzipien	2011	110	5
2002.0	Wikipedia:Grundprinzipien	2012	87	5
2002.0	Wikipedia:Grundprinzipien	2013	80	5
2002.0	Wikipedia:Grundprinzipien	2014	6	5
2002.0	Wikipedia:Grundprinzipien	2015	16	5
2002.0	Wikipedia:Grundprinzipien	2016	16	5
2002.0	Wikipedia:Grundprinzipien	2017	22	5
2002.0	Wikipedia:Grundprinzipien	2018	10	5
2002.0	Wikipedia:Grundprinzipien	2019	10	5
2002.0	Wikipedia:Grundprinzipien	2020	6	5
2002.0	Wikipedia:Namenskonventionen	2002	16	3
2002.0	Wikipedia:Namenskonventionen	2003	42	5
2002.0	Wikipedia:Namenskonventionen	2004	176	5
2002.0	Wikipedia:Namenskonventionen	2005	205	5
2002.0	Wikipedia:Namenskonventionen	2006	258	5
2002.0	Wikipedia:Namenskonventionen	2007	199	5
2002.0	Wikipedia:Namenskonventionen	2008	164	5
2002.0	Wikipedia:Namenskonventionen	2009	2732	5
2002.0	Wikipedia:Namenskonventionen	2010	1977	5
2002.0	Wikipedia:Namenskonventionen	2011	2264	5
2002.0	Wikipedia:Namenskonventionen	2012	2127	5
2002.0	Wikipedia:Namenskonventionen	2013	1091	5
2002.0	Wikipedia:Namenskonventionen	2014	2006	5
2002.0	Wikipedia:Namenskonventionen	2015	1529	5
2002.0	Wikipedia:Namenskonventionen	2016	921	5
2002.0	Wikipedia:Namenskonventionen	2017	562	5
2002.0	Wikipedia:Namenskonventionen	2018	396	5
2002.0	Wikipedia:Namenskonventionen	2019	497	5
2002.0	Wikipedia:Namenskonventionen	2020	671	5
2002.0	Wikipedia:Neutraler Standpunkt	2002	9	4
2002.0	Wikipedia:Neutraler Standpunkt	2003	25	5
2002.0	Wikipedia:Neutraler Standpunkt	2004	78	5
2002.0	Wikipedia:Neutraler Standpunkt	2005	69	5
2002.0	Wikipedia:Neutraler Standpunkt	2006	211	5
2002.0	Wikipedia:Neutraler Standpunkt	2007	872	5
2002.0	Wikipedia:Neutraler Standpunkt	2008	1289	5
2002.0	Wikipedia:Neutraler Standpunkt	2009	435	5
2002.0	Wikipedia:Neutraler Standpunkt	2010	107	5
2002.0	Wikipedia:Neutraler Standpunkt	2011	319	5
2002.0	Wikipedia:Neutraler Standpunkt	2012	160	5
2002.0	Wikipedia:Neutraler Standpunkt	2013	485	5
2002.0	Wikipedia:Neutraler Standpunkt	2014	33	5
2002.0	Wikipedia:Neutraler Standpunkt	2015	28	5
2002.0	Wikipedia:Neutraler Standpunkt	2016	36	5
2002.0	Wikipedia:Neutraler Standpunkt	2017	66	5
2002.0	Wikipedia:Neutraler Standpunkt	2018	21	5
2002.0	Wikipedia:Neutraler Standpunkt	2019	28	5
2002.0	Wikipedia:Neutraler Standpunkt	2020	19	5
2002.0	Wikipedia:Sei mutig	2002	6	2
2002.0	Wikipedia:Sei mutig	2003	8	4
2002.0	Wikipedia:Sei mutig	2004	120	4
2002.0	Wikipedia:Sei mutig	2005	136	4
2002.0	Wikipedia:Sei mutig	2006	164	5
2002.0	Wikipedia:Sei mutig	2007	44	5
2002.0	Wikipedia:Sei mutig	2008	104	5
2002.0	Wikipedia:Sei mutig	2009	73	5
2002.0	Wikipedia:Sei mutig	2010	21	5
2002.0	Wikipedia:Sei mutig	2011	13	5
2002.0	Wikipedia:Sei mutig	2012	17	5
2002.0	Wikipedia:Sei mutig	2013	26	5
2002.0	Wikipedia:Sei mutig	2014	18	5
2002.0	Wikipedia:Sei mutig	2015	12	5
2002.0	Wikipedia:Sei mutig	2016	10	5
2002.0	Wikipedia:Sei mutig	2017	35	5
2002.0	Wikipedia:Sei mutig	2018	4	5
2002.0	Wikipedia:Sei mutig	2019	57	5
2002.0	Wikipedia:Sei mutig	2020	76	5
2002.0	Wikipedia:Verlinken	2002	3	1
2002.0	Wikipedia:Verlinken	2003	23	2
2002.0	Wikipedia:Verlinken	2004	58	3
2002.0	Wikipedia:Verlinken	2005	107	3
2002.0	Wikipedia:Verlinken	2006	121	3
2002.0	Wikipedia:Verlinken	2007	272	3
2002.0	Wikipedia:Verlinken	2008	121	3
2002.0	Wikipedia:Verlinken	2009	109	3
2002.0	Wikipedia:Verlinken	2010	142	3
2002.0	Wikipedia:Verlinken	2011	63	3
2002.0	Wikipedia:Verlinken	2012	60	3
2002.0	Wikipedia:Verlinken	2013	118	3
2002.0	Wikipedia:Verlinken	2014	153	3
2002.0	Wikipedia:Verlinken	2015	207	3
2002.0	Wikipedia:Verlinken	2016	193	3
2002.0	Wikipedia:Verlinken	2017	73	3
2002.0	Wikipedia:Verlinken	2018	36	3
2002.0	Wikipedia:Verlinken	2019	73	3
2002.0	Wikipedia:Verlinken	2020	173	3
2002.0	Wikipedia:Was Wikipedia nicht ist	2002	23	4
2002.0	Wikipedia:Was Wikipedia nicht ist	2003	366	5
2002.0	Wikipedia:Was Wikipedia nicht ist	2004	125	5
2002.0	Wikipedia:Was Wikipedia nicht ist	2005	686	5
2002.0	Wikipedia:Was Wikipedia nicht ist	2006	509	5
2002.0	Wikipedia:Was Wikipedia nicht ist	2007	460	5
2002.0	Wikipedia:Was Wikipedia nicht ist	2008	573	5
2002.0	Wikipedia:Was Wikipedia nicht ist	2009	293	5
2002.0	Wikipedia:Was Wikipedia nicht ist	2010	235	5
2002.0	Wikipedia:Was Wikipedia nicht ist	2011	163	5
2002.0	Wikipedia:Was Wikipedia nicht ist	2012	281	5
2002.0	Wikipedia:Was Wikipedia nicht ist	2013	96	5
2002.0	Wikipedia:Was Wikipedia nicht ist	2014	36	5
2002.0	Wikipedia:Was Wikipedia nicht ist	2015	22	5
2002.0	Wikipedia:Was Wikipedia nicht ist	2016	115	5
2002.0	Wikipedia:Was Wikipedia nicht ist	2017	25	5
2002.0	Wikipedia:Was Wikipedia nicht ist	2018	32	5
2002.0	Wikipedia:Was Wikipedia nicht ist	2019	141	5
2002.0	Wikipedia:Was Wikipedia nicht ist	2020	18	5
2002.0	Wikipedia:Wie schreibe ich gute Artikel	2002	12	1
2002.0	Wikipedia:Wie schreibe ich gute Artikel	2003	73	2
2002.0	Wikipedia:Wie schreibe ich gute Artikel	2004	268	3
2002.0	Wikipedia:Wie schreibe ich gute Artikel	2005	353	3
2002.0	Wikipedia:Wie schreibe ich gute Artikel	2006	467	3
2002.0	Wikipedia:Wie schreibe ich gute Artikel	2007	353	3
2002.0	Wikipedia:Wie schreibe ich gute Artikel	2008	306	3
2002.0	Wikipedia:Wie schreibe ich gute Artikel	2009	241	4
2002.0	Wikipedia:Wie schreibe ich gute Artikel	2010	348	4
2002.0	Wikipedia:Wie schreibe ich gute Artikel	2011	141	4
2002.0	Wikipedia:Wie schreibe ich gute Artikel	2012	233	4
2002.0	Wikipedia:Wie schreibe ich gute Artikel	2013	172	5
2002.0	Wikipedia:Wie schreibe ich gute Artikel	2014	143	5
2002.0	Wikipedia:Wie schreibe ich gute Artikel	2015	331	5
2002.0	Wikipedia:Wie schreibe ich gute Artikel	2016	117	5
2002.0	Wikipedia:Wie schreibe ich gute Artikel	2017	111	5
2002.0	Wikipedia:Wie schreibe ich gute Artikel	2018	110	5
2002.0	Wikipedia:Wie schreibe ich gute Artikel	2019	107	5
2002.0	Wikipedia:Wie schreibe ich gute Artikel	2020	128	5
2003.0	Wikipedia:Assoziative Verweise	2003	75	2
2003.0	Wikipedia:Assoziative Verweise	2004	87	2
2003.0	Wikipedia:Assoziative Verweise	2005	627	2
2003.0	Wikipedia:Assoziative Verweise	2006	40	2
2003.0	Wikipedia:Assoziative Verweise	2007	25	2
2003.0	Wikipedia:Assoziative Verweise	2008	35	2
2003.0	Wikipedia:Assoziative Verweise	2009	28	2
2003.0	Wikipedia:Assoziative Verweise	2010	120	3
2003.0	Wikipedia:Assoziative Verweise	2011	18	3
2003.0	Wikipedia:Assoziative Verweise	2012	16	3
2003.0	Wikipedia:Assoziative Verweise	2013	13	3
2003.0	Wikipedia:Assoziative Verweise	2014	21	3
2003.0	Wikipedia:Assoziative Verweise	2015	19	3
2003.0	Wikipedia:Assoziative Verweise	2016	66	3
2003.0	Wikipedia:Assoziative Verweise	2017	7	3
2003.0	Wikipedia:Assoziative Verweise	2018	2	3
2003.0	Wikipedia:Assoziative Verweise	2019	2	3
2003.0	Wikipedia:Assoziative Verweise	2020	2	3
2003.0	Wikipedia:Barrierefreiheit	2003	10	1
2003.0	Wikipedia:Barrierefreiheit	2004	4	1
2003.0	Wikipedia:Barrierefreiheit	2005	13	1
2003.0	Wikipedia:Barrierefreiheit	2006	14	1
2003.0	Wikipedia:Barrierefreiheit	2007	21	1
2003.0	Wikipedia:Barrierefreiheit	2008	6	1
2003.0	Wikipedia:Barrierefreiheit	2009	4	1
2003.0	Wikipedia:Barrierefreiheit	2010	11	1
2003.0	Wikipedia:Barrierefreiheit	2011	36	1
2003.0	Wikipedia:Barrierefreiheit	2012	8	1
2003.0	Wikipedia:Barrierefreiheit	2013	7	1
2003.0	Wikipedia:Barrierefreiheit	2014	7	1
2003.0	Wikipedia:Barrierefreiheit	2015	8	1
2003.0	Wikipedia:Barrierefreiheit	2016	16	1
2003.0	Wikipedia:Barrierefreiheit	2017	24	1
2003.0	Wikipedia:Barrierefreiheit	2018	1	1
2003.0	Wikipedia:Barrierefreiheit	2019	23	1
2003.0	Wikipedia:Barrierefreiheit	2020	3	1
2003.0	Wikipedia:Bewahre immer einen kühlen Kopf	2003	13	3
2003.0	Wikipedia:Bewahre immer einen kühlen Kopf	2004	15	3
2003.0	Wikipedia:Bewahre immer einen kühlen Kopf	2005	3	4
2003.0	Wikipedia:Bewahre immer einen kühlen Kopf	2006	14	4
2003.0	Wikipedia:Bewahre immer einen kühlen Kopf	2007	10	4
2003.0	Wikipedia:Bewahre immer einen kühlen Kopf	2008	7	4
2003.0	Wikipedia:Bewahre immer einen kühlen Kopf	2009	37	4
2003.0	Wikipedia:Bewahre immer einen kühlen Kopf	2010	7	4
2003.0	Wikipedia:Bewahre immer einen kühlen Kopf	2011	14	4
2003.0	Wikipedia:Bewahre immer einen kühlen Kopf	2012	4	4
2003.0	Wikipedia:Bewahre immer einen kühlen Kopf	2013	5	5
2003.0	Wikipedia:Bewahre immer einen kühlen Kopf	2014	2	5
2003.0	Wikipedia:Bewahre immer einen kühlen Kopf	2015	2	5
2003.0	Wikipedia:Bewahre immer einen kühlen Kopf	2017	4	5
2003.0	Wikipedia:Bewahre immer einen kühlen Kopf	2018	2	5
2003.0	Wikipedia:Bewahre immer einen kühlen Kopf	2020	1	5
2003.0	Wikipedia:Diskussionsseiten	2003	9	1
2003.0	Wikipedia:Diskussionsseiten	2004	30	1
2003.0	Wikipedia:Diskussionsseiten	2005	59	2
2003.0	Wikipedia:Diskussionsseiten	2006	193	2
2003.0	Wikipedia:Diskussionsseiten	2007	132	3
2003.0	Wikipedia:Diskussionsseiten	2008	175	3
2003.0	Wikipedia:Diskussionsseiten	2009	138	3
2003.0	Wikipedia:Diskussionsseiten	2010	251	3
2003.0	Wikipedia:Diskussionsseiten	2011	333	3
2003.0	Wikipedia:Diskussionsseiten	2012	121	3
2003.0	Wikipedia:Diskussionsseiten	2013	118	3
2003.0	Wikipedia:Diskussionsseiten	2014	106	3
2003.0	Wikipedia:Diskussionsseiten	2015	71	3
2003.0	Wikipedia:Diskussionsseiten	2016	48	3
2003.0	Wikipedia:Diskussionsseiten	2017	41	3
2003.0	Wikipedia:Diskussionsseiten	2018	51	3
2003.0	Wikipedia:Diskussionsseiten	2019	86	3
2003.0	Wikipedia:Diskussionsseiten	2020	72	3
2003.0	Wikipedia:Formatvorlage Begriffsklärung	2003	116	2
2003.0	Wikipedia:Formatvorlage Begriffsklärung	2004	55	2
2003.0	Wikipedia:Formatvorlage Begriffsklärung	2005	35	3
2003.0	Wikipedia:Formatvorlage Begriffsklärung	2006	108	3
2003.0	Wikipedia:Formatvorlage Begriffsklärung	2007	167	3
2003.0	Wikipedia:Formatvorlage Begriffsklärung	2008	49	3
2003.0	Wikipedia:Formatvorlage Begriffsklärung	2009	216	3
2003.0	Wikipedia:Formatvorlage Begriffsklärung	2010	135	3
2003.0	Wikipedia:Formatvorlage Begriffsklärung	2011	20	3
2003.0	Wikipedia:Formatvorlage Begriffsklärung	2012	66	3
2003.0	Wikipedia:Formatvorlage Begriffsklärung	2013	114	3
2003.0	Wikipedia:Formatvorlage Begriffsklärung	2014	44	3
2003.0	Wikipedia:Formatvorlage Begriffsklärung	2015	9	3
2003.0	Wikipedia:Formatvorlage Begriffsklärung	2016	9	3
2003.0	Wikipedia:Formatvorlage Begriffsklärung	2017	18	3
2003.0	Wikipedia:Formatvorlage Begriffsklärung	2018	4	3
2003.0	Wikipedia:Formatvorlage Begriffsklärung	2019	64	3
2003.0	Wikipedia:Formatvorlage Begriffsklärung	2020	4	3
2003.0	Wikipedia:Geschützte Seiten	2003	32	2
2003.0	Wikipedia:Geschützte Seiten	2004	122	4
2003.0	Wikipedia:Geschützte Seiten	2005	250	4
2003.0	Wikipedia:Geschützte Seiten	2006	86	4
2003.0	Wikipedia:Geschützte Seiten	2007	46	4
2003.0	Wikipedia:Geschützte Seiten	2008	37	4
2003.0	Wikipedia:Geschützte Seiten	2009	29	4
2003.0	Wikipedia:Geschützte Seiten	2010	70	4
2003.0	Wikipedia:Geschützte Seiten	2011	58	4
2003.0	Wikipedia:Geschützte Seiten	2012	17	4
2003.0	Wikipedia:Geschützte Seiten	2013	28	4
2003.0	Wikipedia:Geschützte Seiten	2014	15	4
2003.0	Wikipedia:Geschützte Seiten	2015	10	4
2003.0	Wikipedia:Geschützte Seiten	2016	6	4
2003.0	Wikipedia:Geschützte Seiten	2017	2	4
2003.0	Wikipedia:Geschützte Seiten	2018	1	4
2003.0	Wikipedia:Geschützte Seiten	2019	2	5
2003.0	Wikipedia:Geschützte Seiten	2020	2	5
2003.0	Wikipedia:Ignoriere alle Regeln	2003	10	3
2003.0	Wikipedia:Ignoriere alle Regeln	2004	48	3
2003.0	Wikipedia:Ignoriere alle Regeln	2005	98	3
2003.0	Wikipedia:Ignoriere alle Regeln	2006	42	5
2003.0	Wikipedia:Ignoriere alle Regeln	2007	26	5
2003.0	Wikipedia:Ignoriere alle Regeln	2008	33	5
2003.0	Wikipedia:Ignoriere alle Regeln	2009	18	5
2003.0	Wikipedia:Ignoriere alle Regeln	2010	31	5
2003.0	Wikipedia:Ignoriere alle Regeln	2011	21	5
2003.0	Wikipedia:Ignoriere alle Regeln	2012	25	5
2003.0	Wikipedia:Ignoriere alle Regeln	2013	12	5
2003.0	Wikipedia:Ignoriere alle Regeln	2014	9	5
2003.0	Wikipedia:Ignoriere alle Regeln	2015	6	5
2003.0	Wikipedia:Ignoriere alle Regeln	2016	15	5
2003.0	Wikipedia:Ignoriere alle Regeln	2017	6	5
2003.0	Wikipedia:Ignoriere alle Regeln	2019	8	5
2003.0	Wikipedia:Ignoriere alle Regeln	2020	4	5
2003.0	Wikipedia:Listen	2002	4	0
2003.0	Wikipedia:Listen	2003	34	2
2003.0	Wikipedia:Listen	2004	23	2
2003.0	Wikipedia:Listen	2005	22	2
2003.0	Wikipedia:Listen	2006	62	2
2003.0	Wikipedia:Listen	2007	56	3
2003.0	Wikipedia:Listen	2008	69	3
2003.0	Wikipedia:Listen	2009	116	4
2003.0	Wikipedia:Listen	2010	78	5
2003.0	Wikipedia:Listen	2011	76	5
2003.0	Wikipedia:Listen	2012	22	5
2003.0	Wikipedia:Listen	2013	26	5
2003.0	Wikipedia:Listen	2014	11	5
2003.0	Wikipedia:Listen	2015	22	5
2003.0	Wikipedia:Listen	2016	51	5
2003.0	Wikipedia:Listen	2017	19	5
2003.0	Wikipedia:Listen	2018	27	5
2003.0	Wikipedia:Listen	2019	3	5
2003.0	Wikipedia:Listen	2020	23	5
2003.0	Wikipedia:Literatur	2003	15	1
2003.0	Wikipedia:Literatur	2004	104	1
2003.0	Wikipedia:Literatur	2005	276	1
2003.0	Wikipedia:Literatur	2006	471	1
2003.0	Wikipedia:Literatur	2007	305	1
2003.0	Wikipedia:Literatur	2008	523	1
2003.0	Wikipedia:Literatur	2009	538	1
2003.0	Wikipedia:Literatur	2010	736	1
2003.0	Wikipedia:Literatur	2011	852	1
2003.0	Wikipedia:Literatur	2012	1007	1
2003.0	Wikipedia:Literatur	2013	389	1
2003.0	Wikipedia:Literatur	2014	199	1
2003.0	Wikipedia:Literatur	2015	243	1
2003.0	Wikipedia:Literatur	2016	149	1
2003.0	Wikipedia:Literatur	2017	149	1
2003.0	Wikipedia:Literatur	2018	78	1
2003.0	Wikipedia:Literatur	2019	48	1
2003.0	Wikipedia:Literatur	2020	165	1
2003.0	Wikipedia:Namenskonventionen/Chinesisch	2003	5	2
2003.0	Wikipedia:Namenskonventionen/Chinesisch	2004	85	2
2003.0	Wikipedia:Namenskonventionen/Chinesisch	2005	90	2
2003.0	Wikipedia:Namenskonventionen/Chinesisch	2006	216	3
2003.0	Wikipedia:Namenskonventionen/Chinesisch	2007	73	3
2003.0	Wikipedia:Namenskonventionen/Chinesisch	2008	18	3
2003.0	Wikipedia:Namenskonventionen/Chinesisch	2009	7	3
2003.0	Wikipedia:Namenskonventionen/Chinesisch	2010	14	3
2003.0	Wikipedia:Namenskonventionen/Chinesisch	2011	117	3
2003.0	Wikipedia:Namenskonventionen/Chinesisch	2012	5	3
2003.0	Wikipedia:Namenskonventionen/Chinesisch	2013	64	3
2003.0	Wikipedia:Namenskonventionen/Chinesisch	2014	4	3
2003.0	Wikipedia:Namenskonventionen/Chinesisch	2015	2	3
2003.0	Wikipedia:Namenskonventionen/Chinesisch	2016	59	3
2003.0	Wikipedia:Namenskonventionen/Chinesisch	2017	5	3
2003.0	Wikipedia:Namenskonventionen/Chinesisch	2018	26	3
2003.0	Wikipedia:Namenskonventionen/Chinesisch	2020	6	3
2003.0	Wikipedia:Namenskonventionen/Koreanisch	2003	14	2
2003.0	Wikipedia:Namenskonventionen/Koreanisch	2004	21	2
2003.0	Wikipedia:Namenskonventionen/Koreanisch	2005	96	2
2003.0	Wikipedia:Namenskonventionen/Koreanisch	2006	13	2
2003.0	Wikipedia:Namenskonventionen/Koreanisch	2007	11	2
2003.0	Wikipedia:Namenskonventionen/Koreanisch	2008	6	2
2003.0	Wikipedia:Namenskonventionen/Koreanisch	2009	4	2
2003.0	Wikipedia:Namenskonventionen/Koreanisch	2010	4	2
2003.0	Wikipedia:Namenskonventionen/Koreanisch	2011	17	2
2003.0	Wikipedia:Namenskonventionen/Koreanisch	2012	2	2
2003.0	Wikipedia:Namenskonventionen/Koreanisch	2013	7	2
2003.0	Wikipedia:Namenskonventionen/Koreanisch	2014	9	2
2003.0	Wikipedia:Namenskonventionen/Koreanisch	2015	2	2
2003.0	Wikipedia:Namenskonventionen/Koreanisch	2016	2	2
2003.0	Wikipedia:Namenskonventionen/Koreanisch	2018	10	2
2003.0	Wikipedia:Namenskonventionen/Koreanisch	2020	4	2
2003.0	Wikipedia:Rechtschreibung	2003	10	2
2003.0	Wikipedia:Rechtschreibung	2004	750	2
2003.0	Wikipedia:Rechtschreibung	2005	230	3
2003.0	Wikipedia:Rechtschreibung	2006	170	3
2003.0	Wikipedia:Rechtschreibung	2007	66	4
2003.0	Wikipedia:Rechtschreibung	2008	51	4
2003.0	Wikipedia:Rechtschreibung	2009	113	4
2003.0	Wikipedia:Rechtschreibung	2010	573	4
2003.0	Wikipedia:Rechtschreibung	2011	139	4
2003.0	Wikipedia:Rechtschreibung	2012	213	4
2003.0	Wikipedia:Rechtschreibung	2013	356	4
2003.0	Wikipedia:Rechtschreibung	2014	237	4
2003.0	Wikipedia:Rechtschreibung	2015	133	4
2003.0	Wikipedia:Rechtschreibung	2016	110	4
2003.0	Wikipedia:Rechtschreibung	2017	428	4
2003.0	Wikipedia:Rechtschreibung	2018	167	4
2003.0	Wikipedia:Rechtschreibung	2019	210	4
2003.0	Wikipedia:Rechtschreibung	2020	181	4
2003.0	Wikipedia:Schreibweise von Zahlen	2003	65	2
2003.0	Wikipedia:Schreibweise von Zahlen	2004	260	2
2003.0	Wikipedia:Schreibweise von Zahlen	2005	107	3
2003.0	Wikipedia:Schreibweise von Zahlen	2006	113	3
2003.0	Wikipedia:Schreibweise von Zahlen	2007	165	3
2003.0	Wikipedia:Schreibweise von Zahlen	2008	181	3
2003.0	Wikipedia:Schreibweise von Zahlen	2009	222	3
2003.0	Wikipedia:Schreibweise von Zahlen	2010	69	3
2003.0	Wikipedia:Schreibweise von Zahlen	2011	44	3
2003.0	Wikipedia:Schreibweise von Zahlen	2012	141	3
2003.0	Wikipedia:Schreibweise von Zahlen	2013	98	3
2003.0	Wikipedia:Schreibweise von Zahlen	2014	64	3
2003.0	Wikipedia:Schreibweise von Zahlen	2015	109	3
2003.0	Wikipedia:Schreibweise von Zahlen	2016	66	3
2003.0	Wikipedia:Schreibweise von Zahlen	2017	228	3
2003.0	Wikipedia:Schreibweise von Zahlen	2018	141	3
2003.0	Wikipedia:Schreibweise von Zahlen	2019	78	3
2003.0	Wikipedia:Schreibweise von Zahlen	2020	127	3
2003.0	Wikipedia:Weblinks	2003	34	3
2003.0	Wikipedia:Weblinks	2004	25	4
2003.0	Wikipedia:Weblinks	2005	315	4
2003.0	Wikipedia:Weblinks	2006	999	5
2003.0	Wikipedia:Weblinks	2007	1716	5
2003.0	Wikipedia:Weblinks	2008	891	5
2003.0	Wikipedia:Weblinks	2009	633	5
2003.0	Wikipedia:Weblinks	2010	524	5
2003.0	Wikipedia:Weblinks	2011	445	5
2003.0	Wikipedia:Weblinks	2012	407	5
2003.0	Wikipedia:Weblinks	2013	404	5
2003.0	Wikipedia:Weblinks	2014	233	5
2003.0	Wikipedia:Weblinks	2015	326	5
2003.0	Wikipedia:Weblinks	2016	132	5
2003.0	Wikipedia:Weblinks	2017	119	5
2003.0	Wikipedia:Weblinks	2018	153	5
2003.0	Wikipedia:Weblinks	2019	152	5
2003.0	Wikipedia:Weblinks	2020	280	5
2003.0	Wikipedia:Wie zitiert man Bibelstellen	2003	2	1
2003.0	Wikipedia:Wie zitiert man Bibelstellen	2004	25	1
2003.0	Wikipedia:Wie zitiert man Bibelstellen	2005	26	1
2003.0	Wikipedia:Wie zitiert man Bibelstellen	2006	52	1
2003.0	Wikipedia:Wie zitiert man Bibelstellen	2007	37	1
2003.0	Wikipedia:Wie zitiert man Bibelstellen	2008	44	1
2003.0	Wikipedia:Wie zitiert man Bibelstellen	2009	10	1
2003.0	Wikipedia:Wie zitiert man Bibelstellen	2010	18	1
2003.0	Wikipedia:Wie zitiert man Bibelstellen	2011	9	1
2003.0	Wikipedia:Wie zitiert man Bibelstellen	2012	27	1
2003.0	Wikipedia:Wie zitiert man Bibelstellen	2013	4	1
2003.0	Wikipedia:Wie zitiert man Bibelstellen	2014	6	1
2003.0	Wikipedia:Wie zitiert man Bibelstellen	2015	6	1
2003.0	Wikipedia:Wie zitiert man Bibelstellen	2016	2	1
2003.0	Wikipedia:Wie zitiert man Bibelstellen	2017	41	1
2003.0	Wikipedia:Wie zitiert man Bibelstellen	2018	12	1
2003.0	Wikipedia:Wie zitiert man Bibelstellen	2019	2	1
2003.0	Wikipedia:Wikipedia ist kein Wörterbuch	2003	17	5
2003.0	Wikipedia:Wikipedia ist kein Wörterbuch	2004	44	5
2003.0	Wikipedia:Wikipedia ist kein Wörterbuch	2005	42	5
2003.0	Wikipedia:Wikipedia ist kein Wörterbuch	2006	284	5
2003.0	Wikipedia:Wikipedia ist kein Wörterbuch	2007	45	5
2003.0	Wikipedia:Wikipedia ist kein Wörterbuch	2008	63	5
2003.0	Wikipedia:Wikipedia ist kein Wörterbuch	2009	6	5
2003.0	Wikipedia:Wikipedia ist kein Wörterbuch	2010	8	5
2003.0	Wikipedia:Wikipedia ist kein Wörterbuch	2011	8	5
2003.0	Wikipedia:Wikipedia ist kein Wörterbuch	2012	3	5
2003.0	Wikipedia:Wikipedia ist kein Wörterbuch	2013	4	5
2003.0	Wikipedia:Wikipedia ist kein Wörterbuch	2014	4	5
2003.0	Wikipedia:Wikipedia ist kein Wörterbuch	2015	5	5
2003.0	Wikipedia:Wikipedia ist kein Wörterbuch	2017	3	5
2003.0	Wikipedia:Wikipedia ist kein Wörterbuch	2018	1	5
2003.0	Wikipedia:Wikipedia ist kein Wörterbuch	2019	2	5
2003.0	Wikipedia:Wikipedia ist kein Wörterbuch	2020	5	5
2003.0	Wikipedia:Wikiquette	2003	16	3
2003.0	Wikipedia:Wikiquette	2004	124	4
2003.0	Wikipedia:Wikiquette	2005	147	4
2003.0	Wikipedia:Wikiquette	2006	47	4
2003.0	Wikipedia:Wikiquette	2007	64	4
2003.0	Wikipedia:Wikiquette	2008	21	5
2003.0	Wikipedia:Wikiquette	2009	21	5
2003.0	Wikipedia:Wikiquette	2010	62	5
2003.0	Wikipedia:Wikiquette	2011	16	5
2003.0	Wikipedia:Wikiquette	2012	24	5
2003.0	Wikipedia:Wikiquette	2013	15	5
2003.0	Wikipedia:Wikiquette	2014	11	5
2003.0	Wikipedia:Wikiquette	2015	11	5
2003.0	Wikipedia:Wikiquette	2016	9	5
2003.0	Wikipedia:Wikiquette	2017	4	5
2003.0	Wikipedia:Wikiquette	2018	42	5
2003.0	Wikipedia:Wikiquette	2019	18	5
2003.0	Wikipedia:Wikiquette	2020	6	5
2003.0	Wikipedia:Zitate	2003	15	1
2003.0	Wikipedia:Zitate	2004	22	1
2003.0	Wikipedia:Zitate	2005	66	3
2003.0	Wikipedia:Zitate	2006	98	4
2003.0	Wikipedia:Zitate	2007	83	4
2003.0	Wikipedia:Zitate	2008	68	4
2003.0	Wikipedia:Zitate	2009	75	4
2003.0	Wikipedia:Zitate	2010	68	4
2003.0	Wikipedia:Zitate	2011	34	4
2003.0	Wikipedia:Zitate	2012	41	4
2003.0	Wikipedia:Zitate	2013	160	4
2003.0	Wikipedia:Zitate	2014	35	4
2003.0	Wikipedia:Zitate	2015	73	4
2003.0	Wikipedia:Zitate	2016	28	4
2003.0	Wikipedia:Zitate	2017	29	4
2003.0	Wikipedia:Zitate	2018	19	4
2003.0	Wikipedia:Zitate	2019	13	4
2003.0	Wikipedia:Zitate	2020	71	4
2003.0	Wikipedia:Zitierregeln	2003	10	2
2003.0	Wikipedia:Zitierregeln	2004	46	4
2003.0	Wikipedia:Zitierregeln	2005	80	5
2003.0	Wikipedia:Zitierregeln	2006	91	5
2003.0	Wikipedia:Zitierregeln	2007	74	5
2003.0	Wikipedia:Zitierregeln	2008	61	5
2003.0	Wikipedia:Zitierregeln	2009	68	5
2003.0	Wikipedia:Zitierregeln	2010	96	5
2003.0	Wikipedia:Zitierregeln	2011	64	5
2003.0	Wikipedia:Zitierregeln	2012	42	5
2003.0	Wikipedia:Zitierregeln	2013	130	5
2003.0	Wikipedia:Zitierregeln	2014	157	5
2003.0	Wikipedia:Zitierregeln	2015	177	5
2003.0	Wikipedia:Zitierregeln	2016	123	5
2003.0	Wikipedia:Zitierregeln	2017	116	5
2003.0	Wikipedia:Zitierregeln	2018	263	5
2003.0	Wikipedia:Zitierregeln	2019	110	5
2003.0	Wikipedia:Zitierregeln	2020	141	5
2004.0	Wikipedia:Artikel	2004	20	3
2004.0	Wikipedia:Artikel	2005	92	3
2004.0	Wikipedia:Artikel	2006	200	3
2004.0	Wikipedia:Artikel	2007	73	4
2004.0	Wikipedia:Artikel	2008	400	4
2004.0	Wikipedia:Artikel	2009	58	4
2004.0	Wikipedia:Artikel	2010	45	4
2004.0	Wikipedia:Artikel	2011	79	4
2004.0	Wikipedia:Artikel	2012	48	4
2004.0	Wikipedia:Artikel	2013	63	4
2004.0	Wikipedia:Artikel	2014	48	4
2004.0	Wikipedia:Artikel	2015	34	4
2004.0	Wikipedia:Artikel	2016	19	4
2004.0	Wikipedia:Artikel	2017	23	4
2004.0	Wikipedia:Artikel	2018	21	4
2004.0	Wikipedia:Artikel	2019	45	4
2004.0	Wikipedia:Artikel	2020	48	4
2004.0	Wikipedia:Artikel über Schulen	2004	10	1
2004.0	Wikipedia:Artikel über Schulen	2005	61	1
2004.0	Wikipedia:Artikel über Schulen	2006	207	1
2004.0	Wikipedia:Artikel über Schulen	2007	141	2
2004.0	Wikipedia:Artikel über Schulen	2008	78	2
2004.0	Wikipedia:Artikel über Schulen	2009	169	2
2004.0	Wikipedia:Artikel über Schulen	2010	50	2
2004.0	Wikipedia:Artikel über Schulen	2011	255	2
2004.0	Wikipedia:Artikel über Schulen	2012	53	2
2004.0	Wikipedia:Artikel über Schulen	2013	10	2
2004.0	Wikipedia:Artikel über Schulen	2014	15	2
2004.0	Wikipedia:Artikel über Schulen	2015	10	2
2004.0	Wikipedia:Artikel über Schulen	2016	12	2
2004.0	Wikipedia:Artikel über Schulen	2017	5	2
2004.0	Wikipedia:Artikel über Schulen	2018	3	2
2004.0	Wikipedia:Artikel über Schulen	2019	2	2
2004.0	Wikipedia:Artikel über Schulen	2020	41	2
2004.0	Wikipedia:Interessenkonflikt	2004	26	2
2004.0	Wikipedia:Interessenkonflikt	2005	46	2
2004.0	Wikipedia:Interessenkonflikt	2006	78	3
2004.0	Wikipedia:Interessenkonflikt	2007	24	3
2004.0	Wikipedia:Interessenkonflikt	2008	39	3
2004.0	Wikipedia:Interessenkonflikt	2009	13	4
2004.0	Wikipedia:Interessenkonflikt	2010	23	4
2004.0	Wikipedia:Interessenkonflikt	2011	35	4
2004.0	Wikipedia:Interessenkonflikt	2012	43	4
2004.0	Wikipedia:Interessenkonflikt	2013	99	4
2004.0	Wikipedia:Interessenkonflikt	2014	45	4
2004.0	Wikipedia:Interessenkonflikt	2015	52	4
2004.0	Wikipedia:Interessenkonflikt	2016	34	4
2004.0	Wikipedia:Interessenkonflikt	2017	8	4
2004.0	Wikipedia:Interessenkonflikt	2018	32	4
2004.0	Wikipedia:Interessenkonflikt	2019	12	4
2004.0	Wikipedia:Interessenkonflikt	2020	56	4
2004.0	Wikipedia:Kategorien	2004	225	2
2004.0	Wikipedia:Kategorien	2005	106	3
2004.0	Wikipedia:Kategorien	2006	399	4
2004.0	Wikipedia:Kategorien	2007	286	4
2004.0	Wikipedia:Kategorien	2008	377	5
2004.0	Wikipedia:Kategorien	2009	465	5
2004.0	Wikipedia:Kategorien	2010	569	5
2004.0	Wikipedia:Kategorien	2011	438	5
2004.0	Wikipedia:Kategorien	2012	274	5
2004.0	Wikipedia:Kategorien	2013	424	5
2004.0	Wikipedia:Kategorien	2014	117	5
2004.0	Wikipedia:Kategorien	2015	264	5
2004.0	Wikipedia:Kategorien	2016	175	5
2004.0	Wikipedia:Kategorien	2017	39	5
2004.0	Wikipedia:Kategorien	2018	29	5
2004.0	Wikipedia:Kategorien	2019	28	5
2004.0	Wikipedia:Kategorien	2020	114	5
2004.0	Wikipedia:Keine persönlichen Angriffe	2004	31	3
2004.0	Wikipedia:Keine persönlichen Angriffe	2005	106	4
2004.0	Wikipedia:Keine persönlichen Angriffe	2006	44	5
2004.0	Wikipedia:Keine persönlichen Angriffe	2007	394	5
2004.0	Wikipedia:Keine persönlichen Angriffe	2008	255	5
2004.0	Wikipedia:Keine persönlichen Angriffe	2009	196	5
2004.0	Wikipedia:Keine persönlichen Angriffe	2010	230	5
2004.0	Wikipedia:Keine persönlichen Angriffe	2011	70	5
2004.0	Wikipedia:Keine persönlichen Angriffe	2012	639	5
2004.0	Wikipedia:Keine persönlichen Angriffe	2013	149	5
2004.0	Wikipedia:Keine persönlichen Angriffe	2014	26	5
2004.0	Wikipedia:Keine persönlichen Angriffe	2015	100	5
2004.0	Wikipedia:Keine persönlichen Angriffe	2016	37	5
2004.0	Wikipedia:Keine persönlichen Angriffe	2017	8	5
2004.0	Wikipedia:Keine persönlichen Angriffe	2018	32	5
2004.0	Wikipedia:Keine persönlichen Angriffe	2019	30	5
2004.0	Wikipedia:Keine persönlichen Angriffe	2020	5	5
2004.0	Wikipedia:Koranzitate	2004	9	1
2004.0	Wikipedia:Koranzitate	2005	4	1
2004.0	Wikipedia:Koranzitate	2006	8	1
2004.0	Wikipedia:Koranzitate	2007	147	1
2004.0	Wikipedia:Koranzitate	2008	2	1
2004.0	Wikipedia:Koranzitate	2010	6	1
2004.0	Wikipedia:Koranzitate	2011	2	1
2004.0	Wikipedia:Koranzitate	2012	2	1
2004.0	Wikipedia:Koranzitate	2013	1	1
2004.0	Wikipedia:Koranzitate	2014	4	1
2004.0	Wikipedia:Koranzitate	2015	1	1
2004.0	Wikipedia:Koranzitate	2017	3	1
2004.0	Wikipedia:Koranzitate	2018	3	1
2004.0	Wikipedia:Koranzitate	2019	2	1
2004.0	Wikipedia:Koranzitate	2020	1	1
2004.0	Wikipedia:Namensgebung biblische Namen	2004	14	1
2004.0	Wikipedia:Namensgebung biblische Namen	2005	1	1
2004.0	Wikipedia:Namensgebung biblische Namen	2006	11	1
2004.0	Wikipedia:Namensgebung biblische Namen	2007	6	1
2004.0	Wikipedia:Namensgebung biblische Namen	2008	1	1
2004.0	Wikipedia:Namensgebung biblische Namen	2009	1	1
2004.0	Wikipedia:Namensgebung biblische Namen	2010	8	1
2004.0	Wikipedia:Namensgebung biblische Namen	2011	108	1
2004.0	Wikipedia:Namensgebung biblische Namen	2012	44	1
2004.0	Wikipedia:Namensgebung biblische Namen	2014	5	1
2004.0	Wikipedia:Namensgebung biblische Namen	2015	2	1
2004.0	Wikipedia:Namensgebung biblische Namen	2017	2	1
2004.0	Wikipedia:Namenskonventionen/Abkürzungen	2004	121	1
2004.0	Wikipedia:Namenskonventionen/Abkürzungen	2005	6	1
2004.0	Wikipedia:Namenskonventionen/Abkürzungen	2006	6	1
2004.0	Wikipedia:Namenskonventionen/Abkürzungen	2007	2	1
2004.0	Wikipedia:Namenskonventionen/Abkürzungen	2008	2	1
2004.0	Wikipedia:Namenskonventionen/Abkürzungen	2009	2	1
2004.0	Wikipedia:Namenskonventionen/Abkürzungen	2012	2	1
2004.0	Wikipedia:Namenskonventionen/Abkürzungen	2018	10	1
2004.0	Wikipedia:Namenskonventionen/Arabisch	2004	82	1
2004.0	Wikipedia:Namenskonventionen/Arabisch	2005	95	2
2004.0	Wikipedia:Namenskonventionen/Arabisch	2006	75	2
2004.0	Wikipedia:Namenskonventionen/Arabisch	2007	236	2
2004.0	Wikipedia:Namenskonventionen/Arabisch	2008	221	2
2004.0	Wikipedia:Namenskonventionen/Arabisch	2009	152	2
2004.0	Wikipedia:Namenskonventionen/Arabisch	2010	135	2
2004.0	Wikipedia:Namenskonventionen/Arabisch	2011	129	2
2004.0	Wikipedia:Namenskonventionen/Arabisch	2012	30	2
2004.0	Wikipedia:Namenskonventionen/Arabisch	2013	38	2
2004.0	Wikipedia:Namenskonventionen/Arabisch	2014	56	2
2004.0	Wikipedia:Namenskonventionen/Arabisch	2015	139	2
2004.0	Wikipedia:Namenskonventionen/Arabisch	2016	98	2
2004.0	Wikipedia:Namenskonventionen/Arabisch	2017	70	2
2004.0	Wikipedia:Namenskonventionen/Arabisch	2018	30	2
2004.0	Wikipedia:Namenskonventionen/Arabisch	2019	39	2
2004.0	Wikipedia:Namenskonventionen/Arabisch	2020	122	2
2004.0	Wikipedia:Namenskonventionen/Georgisch	2004	4	1
2004.0	Wikipedia:Namenskonventionen/Georgisch	2005	1	1
2004.0	Wikipedia:Namenskonventionen/Georgisch	2006	80	1
2004.0	Wikipedia:Namenskonventionen/Georgisch	2007	5	1
2004.0	Wikipedia:Namenskonventionen/Georgisch	2008	1	1
2004.0	Wikipedia:Namenskonventionen/Georgisch	2009	4	1
2004.0	Wikipedia:Namenskonventionen/Georgisch	2010	1	1
2004.0	Wikipedia:Namenskonventionen/Georgisch	2015	2	1
2004.0	Wikipedia:Namenskonventionen/Georgisch	2018	1	1
2004.0	Wikipedia:Namenskonventionen/Georgisch	2019	2	1
2004.0	Wikipedia:Namenskonventionen/Hebräisch	2004	9	1
2004.0	Wikipedia:Namenskonventionen/Hebräisch	2005	39	2
2004.0	Wikipedia:Namenskonventionen/Hebräisch	2006	33	2
2004.0	Wikipedia:Namenskonventionen/Hebräisch	2007	23	2
2004.0	Wikipedia:Namenskonventionen/Hebräisch	2008	38	2
2004.0	Wikipedia:Namenskonventionen/Hebräisch	2009	185	2
2004.0	Wikipedia:Namenskonventionen/Hebräisch	2010	44	2
2004.0	Wikipedia:Namenskonventionen/Hebräisch	2011	9	2
2004.0	Wikipedia:Namenskonventionen/Hebräisch	2012	10	2
2004.0	Wikipedia:Namenskonventionen/Hebräisch	2013	10	2
2004.0	Wikipedia:Namenskonventionen/Hebräisch	2014	12	2
2004.0	Wikipedia:Namenskonventionen/Hebräisch	2015	11	2
2004.0	Wikipedia:Namenskonventionen/Hebräisch	2016	3	2
2004.0	Wikipedia:Namenskonventionen/Hebräisch	2017	41	2
2004.0	Wikipedia:Namenskonventionen/Hebräisch	2018	10	2
2004.0	Wikipedia:Namenskonventionen/Hebräisch	2019	31	2
2004.0	Wikipedia:Namenskonventionen/Hebräisch	2020	31	2
2004.0	Wikipedia:Namenskonventionen/Japanisch	2004	31	2
2004.0	Wikipedia:Namenskonventionen/Japanisch	2005	72	4
2004.0	Wikipedia:Namenskonventionen/Japanisch	2006	89	4
2004.0	Wikipedia:Namenskonventionen/Japanisch	2007	127	4
2004.0	Wikipedia:Namenskonventionen/Japanisch	2008	21	4
2004.0	Wikipedia:Namenskonventionen/Japanisch	2009	56	4
2004.0	Wikipedia:Namenskonventionen/Japanisch	2010	34	4
2004.0	Wikipedia:Namenskonventionen/Japanisch	2011	7	4
2004.0	Wikipedia:Namenskonventionen/Japanisch	2012	6	4
2004.0	Wikipedia:Namenskonventionen/Japanisch	2013	26	4
2004.0	Wikipedia:Namenskonventionen/Japanisch	2014	6	4
2004.0	Wikipedia:Namenskonventionen/Japanisch	2015	8	4
2004.0	Wikipedia:Namenskonventionen/Japanisch	2016	1	4
2004.0	Wikipedia:Namenskonventionen/Japanisch	2017	2	4
2004.0	Wikipedia:Namenskonventionen/Japanisch	2018	17	4
2004.0	Wikipedia:Namenskonventionen/Japanisch	2019	15	4
2004.0	Wikipedia:Namenskonventionen/Japanisch	2020	30	4
2004.0	Wikipedia:Namenskonventionen/Kyrillisch	2004	818	1
2004.0	Wikipedia:Namenskonventionen/Kyrillisch	2005	575	2
2004.0	Wikipedia:Namenskonventionen/Kyrillisch	2006	419	2
2004.0	Wikipedia:Namenskonventionen/Kyrillisch	2007	398	2
2004.0	Wikipedia:Namenskonventionen/Kyrillisch	2008	606	2
2004.0	Wikipedia:Namenskonventionen/Kyrillisch	2009	391	2
2004.0	Wikipedia:Namenskonventionen/Kyrillisch	2010	521	2
2004.0	Wikipedia:Namenskonventionen/Kyrillisch	2011	646	2
2004.0	Wikipedia:Namenskonventionen/Kyrillisch	2012	188	2
2004.0	Wikipedia:Namenskonventionen/Kyrillisch	2013	208	2
2004.0	Wikipedia:Namenskonventionen/Kyrillisch	2014	238	2
2004.0	Wikipedia:Namenskonventionen/Kyrillisch	2015	303	2
2004.0	Wikipedia:Namenskonventionen/Kyrillisch	2016	228	2
2004.0	Wikipedia:Namenskonventionen/Kyrillisch	2017	209	2
2004.0	Wikipedia:Namenskonventionen/Kyrillisch	2018	199	2
2004.0	Wikipedia:Namenskonventionen/Kyrillisch	2019	194	2
2004.0	Wikipedia:Namenskonventionen/Kyrillisch	2020	194	2
2004.0	Wikipedia:Namenskonventionen/Medizin	2004	10	1
2004.0	Wikipedia:Namenskonventionen/Medizin	2005	4	1
2004.0	Wikipedia:Namenskonventionen/Medizin	2006	5	1
2004.0	Wikipedia:Namenskonventionen/Medizin	2008	2	1
2004.0	Wikipedia:Namenskonventionen/Medizin	2009	3	1
2004.0	Wikipedia:Namenskonventionen/Medizin	2010	1	1
2004.0	Wikipedia:Namenskonventionen/Medizin	2012	2	1
2004.0	Wikipedia:Namenskonventionen/Medizin	2013	2	1
2004.0	Wikipedia:Namenskonventionen/Medizin	2014	4	1
2004.0	Wikipedia:Namenskonventionen/Medizin	2017	2	1
2004.0	Wikipedia:Namenskonventionen/Medizin	2020	10	1
2004.0	Wikipedia:Relevanzkriterien	2004	31	1
2004.0	Wikipedia:Relevanzkriterien	2005	175	2
2004.0	Wikipedia:Relevanzkriterien	2006	672	4
2004.0	Wikipedia:Relevanzkriterien	2007	641	4
2004.0	Wikipedia:Relevanzkriterien	2008	520	4
2004.0	Wikipedia:Relevanzkriterien	2009	358	4
2004.0	Wikipedia:Relevanzkriterien	2010	306	4
2004.0	Wikipedia:Relevanzkriterien	2011	633	4
2004.0	Wikipedia:Relevanzkriterien	2012	4312	5
2004.0	Wikipedia:Relevanzkriterien	2013	4699	5
2004.0	Wikipedia:Relevanzkriterien	2014	3654	5
2004.0	Wikipedia:Relevanzkriterien	2015	4366	5
2004.0	Wikipedia:Relevanzkriterien	2016	1908	5
2004.0	Wikipedia:Relevanzkriterien	2017	1323	5
2004.0	Wikipedia:Relevanzkriterien	2018	1884	5
2004.0	Wikipedia:Relevanzkriterien	2019	2257	5
2004.0	Wikipedia:Relevanzkriterien	2020	3359	5
2004.0	Wikipedia:Richtlinien Biologie	2004	103	1
2004.0	Wikipedia:Richtlinien Biologie	2005	90	1
2004.0	Wikipedia:Richtlinien Biologie	2006	49	1
2004.0	Wikipedia:Richtlinien Biologie	2007	51	1
2004.0	Wikipedia:Richtlinien Biologie	2008	50	1
2004.0	Wikipedia:Richtlinien Biologie	2009	27	1
2004.0	Wikipedia:Richtlinien Biologie	2010	96	1
2004.0	Wikipedia:Richtlinien Biologie	2011	56	1
2004.0	Wikipedia:Richtlinien Biologie	2012	27	1
2004.0	Wikipedia:Richtlinien Biologie	2013	20	1
2004.0	Wikipedia:Richtlinien Biologie	2014	26	1
2004.0	Wikipedia:Richtlinien Biologie	2015	31	1
2004.0	Wikipedia:Richtlinien Biologie	2016	12	1
2004.0	Wikipedia:Richtlinien Biologie	2017	35	1
2004.0	Wikipedia:Richtlinien Biologie	2018	10	1
2004.0	Wikipedia:Richtlinien Biologie	2019	5	1
2004.0	Wikipedia:Richtlinien Biologie	2020	4	1
2004.0	Wikipedia:Richtlinien Fiktives	2004	14	1
2004.0	Wikipedia:Richtlinien Fiktives	2005	243	1
2004.0	Wikipedia:Richtlinien Fiktives	2006	66	3
2004.0	Wikipedia:Richtlinien Fiktives	2007	48	3
2004.0	Wikipedia:Richtlinien Fiktives	2008	26	4
2004.0	Wikipedia:Richtlinien Fiktives	2009	7	5
2004.0	Wikipedia:Richtlinien Fiktives	2010	10	5
2004.0	Wikipedia:Richtlinien Fiktives	2011	9	5
2004.0	Wikipedia:Richtlinien Fiktives	2012	4	5
2004.0	Wikipedia:Richtlinien Fiktives	2013	6	5
2004.0	Wikipedia:Richtlinien Fiktives	2015	6	5
2004.0	Wikipedia:Richtlinien Fiktives	2016	2	5
2004.0	Wikipedia:Richtlinien Fiktives	2017	6	5
2004.0	Wikipedia:Richtlinien Fiktives	2018	1	5
2004.0	Wikipedia:Richtlinien Fiktives	2019	95	5
2004.0	Wikipedia:Richtlinien Fiktives	2020	3	5
2004.0	Wikipedia:Richtlinien Wirtschaft	2004	80	1
2004.0	Wikipedia:Richtlinien Wirtschaft	2005	6	1
2004.0	Wikipedia:Richtlinien Wirtschaft	2006	11	1
2004.0	Wikipedia:Richtlinien Wirtschaft	2007	5	1
2004.0	Wikipedia:Richtlinien Wirtschaft	2008	29	1
2004.0	Wikipedia:Richtlinien Wirtschaft	2009	9	1
2004.0	Wikipedia:Richtlinien Wirtschaft	2010	13	1
2004.0	Wikipedia:Richtlinien Wirtschaft	2013	1	1
2004.0	Wikipedia:Richtlinien Wirtschaft	2014	3	1
2004.0	Wikipedia:Richtlinien Wirtschaft	2018	1	1
2004.0	Wikipedia:Richtlinien Wirtschaft	2020	2	1
2004.0	Wikipedia:Typografie	2004	9	3
2004.0	Wikipedia:Typografie	2005	142	3
2004.0	Wikipedia:Typografie	2006	215	4
2004.0	Wikipedia:Typografie	2007	114	4
2004.0	Wikipedia:Typografie	2008	285	4
2004.0	Wikipedia:Typografie	2009	233	4
2004.0	Wikipedia:Typografie	2010	125	4
2004.0	Wikipedia:Typografie	2011	152	4
2004.0	Wikipedia:Typografie	2012	208	4
2004.0	Wikipedia:Typografie	2013	285	4
2004.0	Wikipedia:Typografie	2014	253	4
2004.0	Wikipedia:Typografie	2015	159	4
2004.0	Wikipedia:Typografie	2016	217	4
2004.0	Wikipedia:Typografie	2017	148	4
2004.0	Wikipedia:Typografie	2018	143	4
2004.0	Wikipedia:Typografie	2019	135	4
2004.0	Wikipedia:Typografie	2020	81	4
2004.0	Wikipedia:Verhalten gegenüber Neulingen	2004	1	4
2004.0	Wikipedia:Verhalten gegenüber Neulingen	2005	8	5
2004.0	Wikipedia:Verhalten gegenüber Neulingen	2006	18	5
2004.0	Wikipedia:Verhalten gegenüber Neulingen	2007	11	5
2004.0	Wikipedia:Verhalten gegenüber Neulingen	2008	15	5
2004.0	Wikipedia:Verhalten gegenüber Neulingen	2009	14	5
2004.0	Wikipedia:Verhalten gegenüber Neulingen	2010	51	5
2004.0	Wikipedia:Verhalten gegenüber Neulingen	2011	12	5
2004.0	Wikipedia:Verhalten gegenüber Neulingen	2012	16	5
2004.0	Wikipedia:Verhalten gegenüber Neulingen	2013	20	5
2004.0	Wikipedia:Verhalten gegenüber Neulingen	2014	9	5
2004.0	Wikipedia:Verhalten gegenüber Neulingen	2015	11	5
2004.0	Wikipedia:Verhalten gegenüber Neulingen	2016	4	5
2004.0	Wikipedia:Verhalten gegenüber Neulingen	2017	4	5
2004.0	Wikipedia:Verhalten gegenüber Neulingen	2018	6	5
2004.0	Wikipedia:Verhalten gegenüber Neulingen	2019	1	5
2004.0	Wikipedia:Verhalten gegenüber Neulingen	2020	4	5
2004.0	Wikipedia:Was ist relevant für aktuelle Ereignisse?	2004	26	1
2004.0	Wikipedia:Was ist relevant für aktuelle Ereignisse?	2005	4	1
2004.0	Wikipedia:Was ist relevant für aktuelle Ereignisse?	2006	12	1
2004.0	Wikipedia:Was ist relevant für aktuelle Ereignisse?	2007	5	1
2004.0	Wikipedia:Was ist relevant für aktuelle Ereignisse?	2008	3	1
2004.0	Wikipedia:Was ist relevant für aktuelle Ereignisse?	2009	8	1
2004.0	Wikipedia:Was ist relevant für aktuelle Ereignisse?	2010	5	1
2004.0	Wikipedia:Was ist relevant für aktuelle Ereignisse?	2011	8	1
2004.0	Wikipedia:Was ist relevant für aktuelle Ereignisse?	2012	10	1
2004.0	Wikipedia:Was ist relevant für aktuelle Ereignisse?	2013	4	1
2004.0	Wikipedia:Was ist relevant für aktuelle Ereignisse?	2014	2	1
2004.0	Wikipedia:Was ist relevant für aktuelle Ereignisse?	2015	6	1
2004.0	Wikipedia:Was ist relevant für aktuelle Ereignisse?	2016	1	1
2004.0	Wikipedia:Was ist relevant für aktuelle Ereignisse?	2018	1	1
2004.0	Wikipedia:Was ist relevant für aktuelle Ereignisse?	2019	2	1
2005.0	Portal:Luftfahrt/Namenskonventionen	2005	28	2
2005.0	Portal:Luftfahrt/Namenskonventionen	2006	14	2
2005.0	Portal:Luftfahrt/Namenskonventionen	2007	13	2
2005.0	Portal:Luftfahrt/Namenskonventionen	2009	10	2
2005.0	Portal:Luftfahrt/Namenskonventionen	2010	4	2
2005.0	Portal:Luftfahrt/Namenskonventionen	2011	4	2
2005.0	Portal:Luftfahrt/Namenskonventionen	2012	6	2
2005.0	Portal:Luftfahrt/Namenskonventionen	2013	14	2
2005.0	Portal:Luftfahrt/Namenskonventionen	2014	29	2
2005.0	Portal:Luftfahrt/Namenskonventionen	2015	5	2
2005.0	Portal:Luftfahrt/Namenskonventionen	2016	4	2
2005.0	Portal:Luftfahrt/Namenskonventionen	2017	151	2
2005.0	Portal:Luftfahrt/Namenskonventionen	2018	2	2
2005.0	Portal:Luftfahrt/Namenskonventionen	2019	6	2
2005.0	Portal:Luftfahrt/Namenskonventionen	2020	1	2
2005.0	Wikipedia:Allgemeinverständlichkeit	2005	33	1
2005.0	Wikipedia:Allgemeinverständlichkeit	2006	187	1
2005.0	Wikipedia:Allgemeinverständlichkeit	2007	168	1
2005.0	Wikipedia:Allgemeinverständlichkeit	2008	136	1
2005.0	Wikipedia:Allgemeinverständlichkeit	2009	80	1
2005.0	Wikipedia:Allgemeinverständlichkeit	2010	47	1
2005.0	Wikipedia:Allgemeinverständlichkeit	2011	135	1
2005.0	Wikipedia:Allgemeinverständlichkeit	2012	110	1
2005.0	Wikipedia:Allgemeinverständlichkeit	2013	36	1
2005.0	Wikipedia:Allgemeinverständlichkeit	2014	69	1
2005.0	Wikipedia:Allgemeinverständlichkeit	2015	8	1
2005.0	Wikipedia:Allgemeinverständlichkeit	2016	11	1
2005.0	Wikipedia:Allgemeinverständlichkeit	2017	18	1
2005.0	Wikipedia:Allgemeinverständlichkeit	2018	23	1
2005.0	Wikipedia:Allgemeinverständlichkeit	2019	31	1
2005.0	Wikipedia:Allgemeinverständlichkeit	2020	30	1
2005.0	Wikipedia:Artikel illustrieren	2005	27	2
2005.0	Wikipedia:Artikel illustrieren	2006	57	2
2005.0	Wikipedia:Artikel illustrieren	2007	64	2
2005.0	Wikipedia:Artikel illustrieren	2008	131	3
2005.0	Wikipedia:Artikel illustrieren	2009	177	3
2005.0	Wikipedia:Artikel illustrieren	2010	268	3
2005.0	Wikipedia:Artikel illustrieren	2011	185	3
2005.0	Wikipedia:Artikel illustrieren	2012	46	3
2005.0	Wikipedia:Artikel illustrieren	2013	18	3
2005.0	Wikipedia:Artikel illustrieren	2014	49	3
2005.0	Wikipedia:Artikel illustrieren	2015	53	3
2005.0	Wikipedia:Artikel illustrieren	2016	14	3
2005.0	Wikipedia:Artikel illustrieren	2017	31	3
2005.0	Wikipedia:Artikel illustrieren	2018	75	3
2005.0	Wikipedia:Artikel illustrieren	2019	47	3
2005.0	Wikipedia:Artikel illustrieren	2020	42	3
2005.0	Wikipedia:Belege	2005	144	3
2005.0	Wikipedia:Belege	2006	1395	5
2005.0	Wikipedia:Belege	2007	1134	5
2005.0	Wikipedia:Belege	2008	891	5
2005.0	Wikipedia:Belege	2009	1203	5
2005.0	Wikipedia:Belege	2010	1559	5
2005.0	Wikipedia:Belege	2011	1351	5
2005.0	Wikipedia:Belege	2012	734	5
2005.0	Wikipedia:Belege	2013	1623	5
2005.0	Wikipedia:Belege	2014	680	5
2005.0	Wikipedia:Belege	2015	528	5
2005.0	Wikipedia:Belege	2016	911	5
2005.0	Wikipedia:Belege	2017	410	5
2005.0	Wikipedia:Belege	2018	752	5
2005.0	Wikipedia:Belege	2019	473	5
2005.0	Wikipedia:Belege	2020	380	5
2005.0	Wikipedia:Belege/Recht	2005	10	1
2005.0	Wikipedia:Belege/Recht	2006	12	1
2005.0	Wikipedia:Belege/Recht	2007	32	1
2005.0	Wikipedia:Belege/Recht	2008	22	1
2005.0	Wikipedia:Belege/Recht	2009	10	1
2005.0	Wikipedia:Belege/Recht	2010	5	1
2005.0	Wikipedia:Belege/Recht	2011	12	1
2005.0	Wikipedia:Belege/Recht	2012	16	1
2005.0	Wikipedia:Belege/Recht	2013	2	1
2005.0	Wikipedia:Belege/Recht	2014	1	1
2005.0	Wikipedia:Belege/Recht	2015	2	1
2005.0	Wikipedia:Belege/Recht	2016	6	1
2005.0	Wikipedia:Belege/Recht	2017	2	1
2005.0	Wikipedia:Belege/Recht	2018	3	1
2005.0	Wikipedia:Belege/Recht	2020	2	1
2005.0	Wikipedia:Geh von guten Absichten aus	2005	13	3
2005.0	Wikipedia:Geh von guten Absichten aus	2006	80	5
2005.0	Wikipedia:Geh von guten Absichten aus	2007	34	5
2005.0	Wikipedia:Geh von guten Absichten aus	2008	50	5
2005.0	Wikipedia:Geh von guten Absichten aus	2009	29	5
2005.0	Wikipedia:Geh von guten Absichten aus	2010	21	5
2005.0	Wikipedia:Geh von guten Absichten aus	2011	6	5
2005.0	Wikipedia:Geh von guten Absichten aus	2012	21	5
2005.0	Wikipedia:Geh von guten Absichten aus	2013	11	5
2005.0	Wikipedia:Geh von guten Absichten aus	2014	18	5
2005.0	Wikipedia:Geh von guten Absichten aus	2015	11	5
2005.0	Wikipedia:Geh von guten Absichten aus	2016	9	5
2005.0	Wikipedia:Geh von guten Absichten aus	2017	7	5
2005.0	Wikipedia:Geh von guten Absichten aus	2019	28	5
2005.0	Wikipedia:Geh von guten Absichten aus	2020	7	5
2005.0	Wikipedia:Namenskonventionen/Aserbaidschanisch	2005	1	1
2005.0	Wikipedia:Namenskonventionen/Aserbaidschanisch	2006	9	1
2005.0	Wikipedia:Namenskonventionen/Aserbaidschanisch	2007	40	1
2005.0	Wikipedia:Namenskonventionen/Aserbaidschanisch	2008	5	1
2005.0	Wikipedia:Namenskonventionen/Aserbaidschanisch	2009	2	1
2005.0	Wikipedia:Namenskonventionen/Aserbaidschanisch	2012	1	1
2005.0	Wikipedia:Namenskonventionen/Aserbaidschanisch	2013	1	1
2005.0	Wikipedia:Namenskonventionen/Aserbaidschanisch	2017	2	1
2005.0	Wikipedia:Namenskonventionen/Aserbaidschanisch	2018	1	1
2005.0	Wikipedia:Namenskonventionen/Aserbaidschanisch	2020	48	1
2005.0	Wikipedia:Namenskonventionen/Indien	2005	397	1
2005.0	Wikipedia:Namenskonventionen/Indien	2006	72	2
2005.0	Wikipedia:Namenskonventionen/Indien	2007	41	2
2005.0	Wikipedia:Namenskonventionen/Indien	2008	36	2
2005.0	Wikipedia:Namenskonventionen/Indien	2009	15	2
2005.0	Wikipedia:Namenskonventionen/Indien	2010	2	2
2005.0	Wikipedia:Namenskonventionen/Indien	2011	9	2
2005.0	Wikipedia:Namenskonventionen/Indien	2012	9	2
2005.0	Wikipedia:Namenskonventionen/Indien	2013	16	2
2005.0	Wikipedia:Namenskonventionen/Indien	2014	7	2
2005.0	Wikipedia:Namenskonventionen/Indien	2015	1	2
2005.0	Wikipedia:Namenskonventionen/Indien	2016	6	2
2005.0	Wikipedia:Namenskonventionen/Indien	2017	2	2
2005.0	Wikipedia:Namenskonventionen/Indien	2018	2	2
2005.0	Wikipedia:Namenskonventionen/Indien/Bengalisch	2005	2	1
2005.0	Wikipedia:Namenskonventionen/Indien/Bengalisch	2006	1	1
2005.0	Wikipedia:Namenskonventionen/Indien/Bengalisch	2007	9	1
2005.0	Wikipedia:Namenskonventionen/Indien/Bengalisch	2008	1	1
2005.0	Wikipedia:Namenskonventionen/Indien/Bengalisch	2013	1	1
2005.0	Wikipedia:Namenskonventionen/Indien/Bengalisch	2019	1	1
2005.0	Wikipedia:Namenskonventionen/Indien/Devanagari	2005	2	1
2005.0	Wikipedia:Namenskonventionen/Indien/Devanagari	2006	4	1
2005.0	Wikipedia:Namenskonventionen/Indien/Devanagari	2007	3	1
2005.0	Wikipedia:Namenskonventionen/Indien/Devanagari	2008	2	1
2005.0	Wikipedia:Namenskonventionen/Indien/Devanagari	2009	1	1
2005.0	Wikipedia:Namenskonventionen/Indien/Devanagari	2013	2	1
2005.0	Wikipedia:Namenskonventionen/Indien/Devanagari	2019	1	1
2005.0	Wikipedia:Namenskonventionen/Latein	2005	25	1
2005.0	Wikipedia:Namenskonventionen/Latein	2006	2	1
2005.0	Wikipedia:Namenskonventionen/Latein	2007	3	1
2005.0	Wikipedia:Namenskonventionen/Latein	2009	3	1
2005.0	Wikipedia:Namenskonventionen/Latein	2011	15	1
2005.0	Wikipedia:Namenskonventionen/Latein	2012	4	1
2005.0	Wikipedia:Namenskonventionen/Latein	2013	6	1
2005.0	Wikipedia:Namenskonventionen/Latein	2018	3	1
2005.0	Wikipedia:Namenskonventionen/Neugriechisch	2005	7	1
2005.0	Wikipedia:Namenskonventionen/Neugriechisch	2006	242	2
2005.0	Wikipedia:Namenskonventionen/Neugriechisch	2007	86	2
2005.0	Wikipedia:Namenskonventionen/Neugriechisch	2008	65	2
2005.0	Wikipedia:Namenskonventionen/Neugriechisch	2009	11	3
2005.0	Wikipedia:Namenskonventionen/Neugriechisch	2010	29	3
2005.0	Wikipedia:Namenskonventionen/Neugriechisch	2011	19	3
2005.0	Wikipedia:Namenskonventionen/Neugriechisch	2012	24	3
2005.0	Wikipedia:Namenskonventionen/Neugriechisch	2013	3	3
2005.0	Wikipedia:Namenskonventionen/Neugriechisch	2014	73	3
2005.0	Wikipedia:Namenskonventionen/Neugriechisch	2015	14	3
2005.0	Wikipedia:Namenskonventionen/Neugriechisch	2016	9	3
2005.0	Wikipedia:Namenskonventionen/Neugriechisch	2017	8	3
2005.0	Wikipedia:Namenskonventionen/Neugriechisch	2018	31	3
2005.0	Wikipedia:Namenskonventionen/Neugriechisch	2019	2	3
2005.0	Wikipedia:Namenskonventionen/Neugriechisch	2020	2	3
2005.0	Wikipedia:Namenskonventionen/Staaten	2005	68	1
2005.0	Wikipedia:Namenskonventionen/Staaten	2006	42	1
2005.0	Wikipedia:Namenskonventionen/Staaten	2007	146	1
2005.0	Wikipedia:Namenskonventionen/Staaten	2008	304	1
2005.0	Wikipedia:Namenskonventionen/Staaten	2009	35	1
2005.0	Wikipedia:Namenskonventionen/Staaten	2010	65	1
2005.0	Wikipedia:Namenskonventionen/Staaten	2011	10	1
2005.0	Wikipedia:Namenskonventionen/Staaten	2012	8	1
2005.0	Wikipedia:Namenskonventionen/Staaten	2013	100	1
2005.0	Wikipedia:Namenskonventionen/Staaten	2014	65	1
2005.0	Wikipedia:Namenskonventionen/Staaten	2015	80	1
2005.0	Wikipedia:Namenskonventionen/Staaten	2016	77	1
2005.0	Wikipedia:Namenskonventionen/Staaten	2017	57	1
2005.0	Wikipedia:Namenskonventionen/Staaten	2018	82	1
2005.0	Wikipedia:Namenskonventionen/Staaten	2019	31	1
2005.0	Wikipedia:Namenskonventionen/Staaten	2020	48	1
2005.0	Wikipedia:Richtlinien Chemie	2005	42	1
2005.0	Wikipedia:Richtlinien Chemie	2006	50	1
2005.0	Wikipedia:Richtlinien Chemie	2007	61	1
2005.0	Wikipedia:Richtlinien Chemie	2008	50	2
2005.0	Wikipedia:Richtlinien Chemie	2009	53	2
2005.0	Wikipedia:Richtlinien Chemie	2010	38	2
2005.0	Wikipedia:Richtlinien Chemie	2011	29	2
2005.0	Wikipedia:Richtlinien Chemie	2012	18	2
2005.0	Wikipedia:Richtlinien Chemie	2013	15	2
2005.0	Wikipedia:Richtlinien Chemie	2014	8	2
2005.0	Wikipedia:Richtlinien Chemie	2015	14	2
2005.0	Wikipedia:Richtlinien Chemie	2016	9	2
2005.0	Wikipedia:Richtlinien Chemie	2017	5	2
2005.0	Wikipedia:Richtlinien Chemie	2018	4	2
2005.0	Wikipedia:Richtlinien Chemie	2019	2	2
2005.0	Wikipedia:Richtlinien Chemie	2020	7	2
2005.0	Wikipedia:Richtlinien Studentenverbindungen	2005	147	1
2005.0	Wikipedia:Richtlinien Studentenverbindungen	2006	16	1
2005.0	Wikipedia:Richtlinien Studentenverbindungen	2007	19	1
2005.0	Wikipedia:Richtlinien Studentenverbindungen	2008	4	1
2005.0	Wikipedia:Richtlinien Studentenverbindungen	2009	5	1
2005.0	Wikipedia:Richtlinien Studentenverbindungen	2010	5	1
2005.0	Wikipedia:Richtlinien Studentenverbindungen	2011	72	1
2005.0	Wikipedia:Richtlinien Studentenverbindungen	2012	28	1
2005.0	Wikipedia:Richtlinien Studentenverbindungen	2013	26	1
2005.0	Wikipedia:Richtlinien Studentenverbindungen	2014	43	1
2005.0	Wikipedia:Richtlinien Studentenverbindungen	2015	74	1
2005.0	Wikipedia:Richtlinien Studentenverbindungen	2016	23	1
2005.0	Wikipedia:Richtlinien Studentenverbindungen	2018	1	1
2005.0	Wikipedia:Richtlinien Studentenverbindungen	2019	1	1
2005.0	Wikipedia:Sei tapfer	2005	13	1
2005.0	Wikipedia:Sei tapfer	2006	18	1
2005.0	Wikipedia:Sei tapfer	2007	12	1
2005.0	Wikipedia:Sei tapfer	2008	5	1
2005.0	Wikipedia:Sei tapfer	2009	7	1
2005.0	Wikipedia:Sei tapfer	2010	4	1
2005.0	Wikipedia:Sei tapfer	2011	2	1
2005.0	Wikipedia:Sei tapfer	2012	1	1
2005.0	Wikipedia:Sei tapfer	2013	3	1
2005.0	Wikipedia:Sei tapfer	2014	3	1
2005.0	Wikipedia:Sei tapfer	2015	1	1
2005.0	Wikipedia:Sei tapfer	2019	17	1
2005.0	Wikipedia:Stimmberechtigung	2005	38	1
2005.0	Wikipedia:Stimmberechtigung	2006	113	1
2005.0	Wikipedia:Stimmberechtigung	2007	246	1
2005.0	Wikipedia:Stimmberechtigung	2008	126	1
2005.0	Wikipedia:Stimmberechtigung	2009	67	1
2005.0	Wikipedia:Stimmberechtigung	2010	68	1
2005.0	Wikipedia:Stimmberechtigung	2011	62	1
2005.0	Wikipedia:Stimmberechtigung	2012	34	1
2005.0	Wikipedia:Stimmberechtigung	2013	22	1
2005.0	Wikipedia:Stimmberechtigung	2014	33	1
2005.0	Wikipedia:Stimmberechtigung	2015	18	1
2005.0	Wikipedia:Stimmberechtigung	2016	24	1
2005.0	Wikipedia:Stimmberechtigung	2017	14	1
2005.0	Wikipedia:Stimmberechtigung	2018	11	1
2005.0	Wikipedia:Stimmberechtigung	2019	33	1
2005.0	Wikipedia:Stimmberechtigung	2020	40	1
2005.0	Wikipedia:Störe Wikipedia nicht, um etwas zu beweisen	2005	506	4
2005.0	Wikipedia:Störe Wikipedia nicht, um etwas zu beweisen	2006	36	4
2005.0	Wikipedia:Störe Wikipedia nicht, um etwas zu beweisen	2007	143	5
2005.0	Wikipedia:Störe Wikipedia nicht, um etwas zu beweisen	2008	63	5
2005.0	Wikipedia:Störe Wikipedia nicht, um etwas zu beweisen	2009	20	5
2005.0	Wikipedia:Störe Wikipedia nicht, um etwas zu beweisen	2010	175	5
2005.0	Wikipedia:Störe Wikipedia nicht, um etwas zu beweisen	2011	100	5
2005.0	Wikipedia:Störe Wikipedia nicht, um etwas zu beweisen	2012	399	5
2005.0	Wikipedia:Störe Wikipedia nicht, um etwas zu beweisen	2013	22	5
2005.0	Wikipedia:Störe Wikipedia nicht, um etwas zu beweisen	2014	18	5
2005.0	Wikipedia:Störe Wikipedia nicht, um etwas zu beweisen	2015	47	5
2005.0	Wikipedia:Störe Wikipedia nicht, um etwas zu beweisen	2016	15	5
2005.0	Wikipedia:Störe Wikipedia nicht, um etwas zu beweisen	2017	6	5
2005.0	Wikipedia:Störe Wikipedia nicht, um etwas zu beweisen	2018	9	5
2005.0	Wikipedia:Störe Wikipedia nicht, um etwas zu beweisen	2019	2	5
2005.0	Wikipedia:Störe Wikipedia nicht, um etwas zu beweisen	2020	8	5
2005.0	Wikipedia:Wie gute Artikel aussehen	2005	51	4
2005.0	Wikipedia:Wie gute Artikel aussehen	2006	90	4
2005.0	Wikipedia:Wie gute Artikel aussehen	2007	126	4
2005.0	Wikipedia:Wie gute Artikel aussehen	2008	80	4
2005.0	Wikipedia:Wie gute Artikel aussehen	2009	85	4
2005.0	Wikipedia:Wie gute Artikel aussehen	2010	20	4
2005.0	Wikipedia:Wie gute Artikel aussehen	2011	43	4
2005.0	Wikipedia:Wie gute Artikel aussehen	2012	16	4
2005.0	Wikipedia:Wie gute Artikel aussehen	2013	22	5
2005.0	Wikipedia:Wie gute Artikel aussehen	2014	36	5
2005.0	Wikipedia:Wie gute Artikel aussehen	2015	42	5
2005.0	Wikipedia:Wie gute Artikel aussehen	2016	5	5
2005.0	Wikipedia:Wie gute Artikel aussehen	2017	8	5
2005.0	Wikipedia:Wie gute Artikel aussehen	2018	5	5
2005.0	Wikipedia:Wie gute Artikel aussehen	2019	17	5
2005.0	Wikipedia:Wie gute Artikel aussehen	2020	13	5
2005.0	Wikipedia:Wikijuristerei	2005	13	2
2005.0	Wikipedia:Wikijuristerei	2006	123	2
2005.0	Wikipedia:Wikijuristerei	2007	44	2
2005.0	Wikipedia:Wikijuristerei	2008	32	2
2005.0	Wikipedia:Wikijuristerei	2009	11	2
2005.0	Wikipedia:Wikijuristerei	2010	8	2
2005.0	Wikipedia:Wikijuristerei	2011	10	2
2005.0	Wikipedia:Wikijuristerei	2012	12	2
2005.0	Wikipedia:Wikijuristerei	2013	2	3
2005.0	Wikipedia:Wikijuristerei	2014	4	4
2005.0	Wikipedia:Wikijuristerei	2015	1	4
2005.0	Wikipedia:Wikijuristerei	2016	21	4
2005.0	Wikipedia:Wikijuristerei	2017	1	4
2005.0	Wikipedia:Wikijuristerei	2018	3	4
2006.0	Portal:Bahn/Anforderungen an Bahnartikel	2006	2	2
2006.0	Portal:Bahn/Anforderungen an Bahnartikel	2007	11	2
2006.0	Portal:Bahn/Anforderungen an Bahnartikel	2008	89	3
2006.0	Portal:Bahn/Anforderungen an Bahnartikel	2009	21	3
2006.0	Portal:Bahn/Anforderungen an Bahnartikel	2010	10	3
2006.0	Portal:Bahn/Anforderungen an Bahnartikel	2011	11	3
2006.0	Portal:Bahn/Anforderungen an Bahnartikel	2012	12	3
2006.0	Portal:Bahn/Anforderungen an Bahnartikel	2013	20	3
2006.0	Portal:Bahn/Anforderungen an Bahnartikel	2014	308	3
2006.0	Portal:Bahn/Anforderungen an Bahnartikel	2015	44	3
2006.0	Portal:Bahn/Anforderungen an Bahnartikel	2016	17	3
2006.0	Portal:Bahn/Anforderungen an Bahnartikel	2017	3	3
2006.0	Wikipedia:Artikel über lebende Personen	2006	99	3
2006.0	Wikipedia:Artikel über lebende Personen	2007	133	5
2006.0	Wikipedia:Artikel über lebende Personen	2008	125	5
2006.0	Wikipedia:Artikel über lebende Personen	2009	124	5
2006.0	Wikipedia:Artikel über lebende Personen	2010	312	5
2006.0	Wikipedia:Artikel über lebende Personen	2011	230	5
2006.0	Wikipedia:Artikel über lebende Personen	2012	152	5
2006.0	Wikipedia:Artikel über lebende Personen	2013	196	5
2006.0	Wikipedia:Artikel über lebende Personen	2014	290	5
2006.0	Wikipedia:Artikel über lebende Personen	2015	263	5
2006.0	Wikipedia:Artikel über lebende Personen	2016	117	5
2006.0	Wikipedia:Artikel über lebende Personen	2017	61	5
2006.0	Wikipedia:Artikel über lebende Personen	2018	89	5
2006.0	Wikipedia:Artikel über lebende Personen	2019	56	5
2006.0	Wikipedia:Artikel über lebende Personen	2020	174	5
2006.0	Wikipedia:Keine Theoriefindung	2006	220	5
2006.0	Wikipedia:Keine Theoriefindung	2007	340	5
2006.0	Wikipedia:Keine Theoriefindung	2008	582	5
2006.0	Wikipedia:Keine Theoriefindung	2009	565	5
2006.0	Wikipedia:Keine Theoriefindung	2010	163	5
2006.0	Wikipedia:Keine Theoriefindung	2011	251	5
2006.0	Wikipedia:Keine Theoriefindung	2012	527	5
2006.0	Wikipedia:Keine Theoriefindung	2013	451	5
2006.0	Wikipedia:Keine Theoriefindung	2014	595	5
2006.0	Wikipedia:Keine Theoriefindung	2015	423	5
2006.0	Wikipedia:Keine Theoriefindung	2016	167	5
2006.0	Wikipedia:Keine Theoriefindung	2017	22	5
2006.0	Wikipedia:Keine Theoriefindung	2018	98	5
2006.0	Wikipedia:Keine Theoriefindung	2019	29	5
2006.0	Wikipedia:Keine Theoriefindung	2020	99	5
2006.0	Wikipedia:Namenskonventionen/Hawaiisch	2006	103	1
2006.0	Wikipedia:Namenskonventionen/Hawaiisch	2007	32	1
2006.0	Wikipedia:Namenskonventionen/Hawaiisch	2008	2	1
2006.0	Wikipedia:Namenskonventionen/Hawaiisch	2009	3	1
2006.0	Wikipedia:Namenskonventionen/Hawaiisch	2010	6	1
2006.0	Wikipedia:Namenskonventionen/Hawaiisch	2011	8	1
2006.0	Wikipedia:Namenskonventionen/Hawaiisch	2012	7	1
2006.0	Wikipedia:Namenskonventionen/Hawaiisch	2013	5	1
2006.0	Wikipedia:Namenskonventionen/Hawaiisch	2014	3	1
2006.0	Wikipedia:Namenskonventionen/Hawaiisch	2016	1	1
2006.0	Wikipedia:Namenskonventionen/Hawaiisch	2017	1	1
2006.0	Wikipedia:Namenskonventionen/Hawaiisch	2018	7	1
2006.0	Wikipedia:Namenskonventionen/Indien/Tamilisch	2006	127	1
2006.0	Wikipedia:Namenskonventionen/Indien/Tamilisch	2007	8	1
2006.0	Wikipedia:Namenskonventionen/Indien/Tamilisch	2009	2	1
2006.0	Wikipedia:Namenskonventionen/Indien/Tamilisch	2011	2	1
2006.0	Wikipedia:Namenskonventionen/Indien/Tamilisch	2015	6	1
2006.0	Wikipedia:Namenskonventionen/Indien/Tamilisch	2019	1	1
2006.0	Wikipedia:Namenskonventionen/Tibetisch	2006	29	1
2006.0	Wikipedia:Namenskonventionen/Tibetisch	2007	241	1
2006.0	Wikipedia:Namenskonventionen/Tibetisch	2008	15	1
2006.0	Wikipedia:Namenskonventionen/Tibetisch	2009	397	1
2006.0	Wikipedia:Namenskonventionen/Tibetisch	2010	148	2
2006.0	Wikipedia:Namenskonventionen/Tibetisch	2011	94	2
2006.0	Wikipedia:Namenskonventionen/Tibetisch	2012	2	2
2006.0	Wikipedia:Namenskonventionen/Tibetisch	2013	1	2
2006.0	Wikipedia:Namenskonventionen/Tibetisch	2014	1	2
2006.0	Wikipedia:Namenskonventionen/Tibetisch	2018	1	2
2006.0	Wikipedia:Richtlinien	2006	12	5
2006.0	Wikipedia:Richtlinien	2007	29	5
2006.0	Wikipedia:Richtlinien	2008	36	5
2006.0	Wikipedia:Richtlinien	2009	20	5
2006.0	Wikipedia:Richtlinien	2010	33	5
2006.0	Wikipedia:Richtlinien	2011	36	5
2006.0	Wikipedia:Richtlinien	2012	10	5
2006.0	Wikipedia:Richtlinien	2013	20	5
2006.0	Wikipedia:Richtlinien	2014	4	5
2006.0	Wikipedia:Richtlinien	2015	15	5
2006.0	Wikipedia:Richtlinien	2016	16	5
2006.0	Wikipedia:Richtlinien	2017	11	5
2006.0	Wikipedia:Richtlinien	2018	3	5
2006.0	Wikipedia:Richtlinien	2019	47	5
2006.0	Wikipedia:Richtlinien	2020	16	5
2006.0	Wikipedia:Systematik	2006	12	1
2006.0	Wikipedia:Systematik	2007	4	1
2006.0	Wikipedia:Systematik	2008	2	1
2006.0	Wikipedia:Systematik	2009	11	1
2006.0	Wikipedia:Systematik	2010	2	1
2006.0	Wikipedia:Systematik	2011	3	1
2006.0	Wikipedia:Systematik	2012	4	1
2006.0	Wikipedia:Systematik	2013	5	1
2006.0	Wikipedia:Systematik	2014	2	1
2006.0	Wikipedia:Systematik	2015	2	1
2006.0	Wikipedia:Systematik	2016	12	1
2006.0	Wikipedia:Systematik	2017	4	1
2006.0	Wikipedia:Systematik	2018	5	1
2006.0	Wikipedia:Systematik	2019	3	1
2006.0	Wikipedia:Themenbereiche	2006	10	1
2006.0	Wikipedia:Themenbereiche	2007	12	1
2006.0	Wikipedia:Themenbereiche	2008	11	1
2006.0	Wikipedia:Themenbereiche	2009	4	1
2006.0	Wikipedia:Themenbereiche	2010	9	1
2006.0	Wikipedia:Themenbereiche	2011	2	1
2006.0	Wikipedia:Themenbereiche	2013	1	1
2006.0	Wikipedia:Themenbereiche	2014	2	1
2006.0	Wikipedia:Themenbereiche	2015	1	1
2006.0	Wikipedia:Themenbereiche	2016	2	1
2006.0	Wikipedia:Themenbereiche	2017	1	1
2006.0	Wikipedia:Themenbereiche	2018	1	1
2006.0	Wikipedia:Themenbereiche	2019	1	1
2006.0	Wikipedia:Wie zitiert man antike und mittelalterliche Autoren und Werke	2006	2	1
2006.0	Wikipedia:Wie zitiert man antike und mittelalterliche Autoren und Werke	2007	12	1
2006.0	Wikipedia:Wie zitiert man antike und mittelalterliche Autoren und Werke	2008	2	1
2006.0	Wikipedia:Wie zitiert man antike und mittelalterliche Autoren und Werke	2010	14	1
2006.0	Wikipedia:Wie zitiert man antike und mittelalterliche Autoren und Werke	2011	9	1
2006.0	Wikipedia:Wie zitiert man antike und mittelalterliche Autoren und Werke	2012	1	1
2006.0	Wikipedia:Wie zitiert man antike und mittelalterliche Autoren und Werke	2013	32	1
2006.0	Wikipedia:Wie zitiert man antike und mittelalterliche Autoren und Werke	2014	54	1
2006.0	Wikipedia:Wie zitiert man antike und mittelalterliche Autoren und Werke	2015	1	1
2006.0	Wikipedia:Wie zitiert man antike und mittelalterliche Autoren und Werke	2016	3	1
2006.0	Wikipedia:Wie zitiert man antike und mittelalterliche Autoren und Werke	2018	5	1
2006.0	Wikipedia:Wie zitiert man antike und mittelalterliche Autoren und Werke	2019	5	1
2006.0	Wikipedia:Wie zitiert man antike und mittelalterliche Autoren und Werke	2020	8	1
2007.0	Wikipedia:Enzyklopädische Fotografie	2007	140	1
2007.0	Wikipedia:Enzyklopädische Fotografie	2008	9	1
2007.0	Wikipedia:Enzyklopädische Fotografie	2009	28	1
2007.0	Wikipedia:Enzyklopädische Fotografie	2010	5	1
2007.0	Wikipedia:Enzyklopädische Fotografie	2011	5	1
2007.0	Wikipedia:Enzyklopädische Fotografie	2012	4	1
2007.0	Wikipedia:Enzyklopädische Fotografie	2013	5	1
2007.0	Wikipedia:Enzyklopädische Fotografie	2014	2	1
2007.0	Wikipedia:Enzyklopädische Fotografie	2015	1	1
2007.0	Wikipedia:Enzyklopädische Fotografie	2016	6	1
2007.0	Wikipedia:Enzyklopädische Fotografie	2018	1	1
2007.0	Wikipedia:Enzyklopädische Fotografie	2019	2	1
2007.0	Wikipedia:Namenskonventionen/Armenisch	2007	1	1
2007.0	Wikipedia:Namenskonventionen/Armenisch	2008	1	1
2007.0	Wikipedia:Namenskonventionen/Armenisch	2010	1	1
2007.0	Wikipedia:Namenskonventionen/Armenisch	2017	2	1
2007.0	Wikipedia:Namenskonventionen/Britischer Adel	2007	20	1
2007.0	Wikipedia:Namenskonventionen/Britischer Adel	2008	20	1
2007.0	Wikipedia:Namenskonventionen/Britischer Adel	2009	5	1
2007.0	Wikipedia:Namenskonventionen/Britischer Adel	2010	1	1
2007.0	Wikipedia:Namenskonventionen/Britischer Adel	2011	9	1
2007.0	Wikipedia:Namenskonventionen/Britischer Adel	2012	5	1
2007.0	Wikipedia:Namenskonventionen/Britischer Adel	2013	1	1
2007.0	Wikipedia:Namenskonventionen/Britischer Adel	2014	2	1
2007.0	Wikipedia:Namenskonventionen/Britischer Adel	2015	4	1
2007.0	Wikipedia:Namenskonventionen/Britischer Adel	2018	12	1
2007.0	Wikipedia:Namenskonventionen/Britischer Adel	2020	3	1
2007.0	Wikipedia:Namenskonventionen/Kategorien	2007	50	2
2007.0	Wikipedia:Namenskonventionen/Kategorien	2008	4	2
2007.0	Wikipedia:Namenskonventionen/Kategorien	2009	6	2
2007.0	Wikipedia:Namenskonventionen/Kategorien	2010	13	2
2007.0	Wikipedia:Namenskonventionen/Kategorien	2011	19	2
2007.0	Wikipedia:Namenskonventionen/Kategorien	2012	49	2
2007.0	Wikipedia:Namenskonventionen/Kategorien	2013	16	2
2007.0	Wikipedia:Namenskonventionen/Kategorien	2014	2	2
2007.0	Wikipedia:Namenskonventionen/Kategorien	2015	5	2
2007.0	Wikipedia:Namenskonventionen/Kategorien	2017	1	2
2007.0	Wikipedia:Namenskonventionen/Kategorien	2018	3	2
2007.0	Wikipedia:Namenskonventionen/Kategorien	2019	4	2
2007.0	Wikipedia:Namenskonventionen/Kategorien	2020	2	2
2007.0	Wikipedia:Namenskonventionen/Schienenfahrzeuge	2007	165	1
2007.0	Wikipedia:Namenskonventionen/Schienenfahrzeuge	2008	25	2
2007.0	Wikipedia:Namenskonventionen/Schienenfahrzeuge	2009	57	2
2007.0	Wikipedia:Namenskonventionen/Schienenfahrzeuge	2010	17	2
2007.0	Wikipedia:Namenskonventionen/Schienenfahrzeuge	2011	11	2
2007.0	Wikipedia:Namenskonventionen/Schienenfahrzeuge	2012	22	2
2007.0	Wikipedia:Namenskonventionen/Schienenfahrzeuge	2013	2	2
2007.0	Wikipedia:Namenskonventionen/Schienenfahrzeuge	2014	13	2
2007.0	Wikipedia:Namenskonventionen/Schienenfahrzeuge	2015	83	2
2007.0	Wikipedia:Namenskonventionen/Schienenfahrzeuge	2016	17	2
2007.0	Wikipedia:Namenskonventionen/Schienenfahrzeuge	2017	1	2
2007.0	Wikipedia:Namenskonventionen/Schienenfahrzeuge	2018	7	2
2007.0	Wikipedia:Namenskonventionen/Schienenfahrzeuge	2019	1	2
2007.0	Wikipedia:Namenskonventionen/Schienenfahrzeuge	2020	20	2
2007.0	Wikipedia:Namenskonventionen/Somali	2007	3	1
2007.0	Wikipedia:Namenskonventionen/Somali	2009	3	1
2007.0	Wikipedia:Namenskonventionen/Somali	2010	1	1
2007.0	Wikipedia:Namenskonventionen/Somali	2011	1	1
2007.0	Wikipedia:Namenskonventionen/Somali	2018	1	1
2007.0	Wikipedia:Namenskonventionen/Tropische Wirbelstürme	2007	3	1
2007.0	Wikipedia:Namenskonventionen/Tropische Wirbelstürme	2008	36	1
2007.0	Wikipedia:Namenskonventionen/Tropische Wirbelstürme	2009	11	1
2007.0	Wikipedia:Namenskonventionen/Tropische Wirbelstürme	2011	2	1
2007.0	Wikipedia:Namenskonventionen/Tropische Wirbelstürme	2012	1	1
2007.0	Wikipedia:Namenskonventionen/Tropische Wirbelstürme	2016	2	1
2007.0	Wikipedia:Namenskonventionen/Tropische Wirbelstürme	2017	1	1
2007.0	Wikipedia:Richtlinien Software	2007	69	1
2007.0	Wikipedia:Richtlinien Software	2008	26	1
2007.0	Wikipedia:Richtlinien Software	2009	21	1
2007.0	Wikipedia:Richtlinien Software	2010	18	1
2007.0	Wikipedia:Richtlinien Software	2011	4	1
2007.0	Wikipedia:Richtlinien Software	2012	224	1
2007.0	Wikipedia:Richtlinien Software	2013	3	1
2007.0	Wikipedia:Richtlinien Software	2014	8	1
2007.0	Wikipedia:Richtlinien Software	2017	1	1
2007.0	Wikipedia:Richtlinien Software	2018	1	1
2008.0	Portal:Berge und Gebirge/Relevanzkriterien und Regeln	2008	96	1
2008.0	Portal:Berge und Gebirge/Relevanzkriterien und Regeln	2009	42	1
2008.0	Portal:Berge und Gebirge/Relevanzkriterien und Regeln	2010	11	1
2008.0	Portal:Berge und Gebirge/Relevanzkriterien und Regeln	2011	8	1
2008.0	Portal:Berge und Gebirge/Relevanzkriterien und Regeln	2012	7	1
2008.0	Portal:Berge und Gebirge/Relevanzkriterien und Regeln	2013	3	1
2008.0	Portal:Berge und Gebirge/Relevanzkriterien und Regeln	2014	5	1
2008.0	Portal:Berge und Gebirge/Relevanzkriterien und Regeln	2015	5	1
2008.0	Portal:Berge und Gebirge/Relevanzkriterien und Regeln	2016	5	1
2008.0	Portal:Berge und Gebirge/Relevanzkriterien und Regeln	2017	5	1
2008.0	Portal:Berge und Gebirge/Relevanzkriterien und Regeln	2018	41	1
2008.0	Portal:Berge und Gebirge/Relevanzkriterien und Regeln	2019	60	1
2008.0	Portal:Waffen/Namenskonventionen	2008	3	1
2008.0	Portal:Waffen/Namenskonventionen	2009	44	1
2008.0	Portal:Waffen/Namenskonventionen	2010	102	1
2008.0	Portal:Waffen/Namenskonventionen	2011	2	1
2008.0	Portal:Waffen/Namenskonventionen	2015	5	1
2008.0	Portal:Waffen/Namenskonventionen	2016	1	1
2008.0	Portal:Waffen/Namenskonventionen	2017	2	1
2008.0	Portal:Waffen/Namenskonventionen	2018	3	1
2008.0	Portal:Waffen/Namenskonventionen	2019	1	1
2008.0	Portal:Waffen/Namenskonventionen	2020	1	1
2008.0	Wikipedia:Eigentum an Artikeln	2008	25	4
2008.0	Wikipedia:Eigentum an Artikeln	2009	12	5
2008.0	Wikipedia:Eigentum an Artikeln	2010	15	5
2008.0	Wikipedia:Eigentum an Artikeln	2011	7	5
2008.0	Wikipedia:Eigentum an Artikeln	2012	6	5
2008.0	Wikipedia:Eigentum an Artikeln	2013	9	5
2008.0	Wikipedia:Eigentum an Artikeln	2014	46	5
2008.0	Wikipedia:Eigentum an Artikeln	2015	11	5
2008.0	Wikipedia:Eigentum an Artikeln	2016	6	5
2008.0	Wikipedia:Eigentum an Artikeln	2017	2	5
2008.0	Wikipedia:Eigentum an Artikeln	2018	1	5
2008.0	Wikipedia:Eigentum an Artikeln	2019	6	5
2008.0	Wikipedia:Eigentum an Artikeln	2020	3	5
2008.0	Wikipedia:Keine Diven füttern	2008	23	2
2008.0	Wikipedia:Keine Diven füttern	2009	13	2
2008.0	Wikipedia:Keine Diven füttern	2010	5	3
2008.0	Wikipedia:Keine Diven füttern	2011	12	4
2008.0	Wikipedia:Keine Diven füttern	2012	109	4
2008.0	Wikipedia:Keine Diven füttern	2013	17	4
2008.0	Wikipedia:Keine Diven füttern	2014	26	4
2008.0	Wikipedia:Keine Diven füttern	2015	26	4
2008.0	Wikipedia:Keine Diven füttern	2016	15	4
2008.0	Wikipedia:Keine Diven füttern	2017	2	4
2008.0	Wikipedia:Keine Diven füttern	2018	2	4
2008.0	Wikipedia:Keine Diven füttern	2019	13	4
2008.0	Wikipedia:Keine Diven füttern	2020	4	4
2008.0	Wikipedia:Namenskonventionen/Altgriechisch	2008	11	1
2008.0	Wikipedia:Namenskonventionen/Altgriechisch	2009	4	1
2008.0	Wikipedia:Namenskonventionen/Altgriechisch	2010	4	1
2008.0	Wikipedia:Namenskonventionen/Altgriechisch	2011	4	1
2008.0	Wikipedia:Namenskonventionen/Altgriechisch	2012	2	1
2008.0	Wikipedia:Namenskonventionen/Altgriechisch	2013	18	1
2008.0	Wikipedia:Namenskonventionen/Altgriechisch	2014	10	1
2008.0	Wikipedia:Namenskonventionen/Altgriechisch	2015	3	1
2008.0	Wikipedia:Namenskonventionen/Altgriechisch	2017	5	1
2008.0	Wikipedia:Namenskonventionen/Altgriechisch	2018	1	1
2008.0	Wikipedia:Namenskonventionen/Altgriechisch	2019	1	1
2008.0	Wikipedia:Namenskonventionen/Altgriechisch	2020	1	1
2008.0	Wikipedia:Neuigkeiten	2008	156	2
2008.0	Wikipedia:Neuigkeiten	2009	31	3
2008.0	Wikipedia:Neuigkeiten	2010	12	3
2008.0	Wikipedia:Neuigkeiten	2011	14	3
2008.0	Wikipedia:Neuigkeiten	2012	2	3
2008.0	Wikipedia:Neuigkeiten	2013	14	4
2008.0	Wikipedia:Neuigkeiten	2014	12	4
2008.0	Wikipedia:Neuigkeiten	2015	32	4
2008.0	Wikipedia:Neuigkeiten	2016	8	4
2008.0	Wikipedia:Neuigkeiten	2017	8	4
2008.0	Wikipedia:Neuigkeiten	2018	22	4
2008.0	Wikipedia:Neuigkeiten	2019	3	4
2008.0	Wikipedia:Neuigkeiten	2020	10	4
2008.0	Wikipedia:Redaktion Medizin/Leitlinien	2008	206	2
2008.0	Wikipedia:Redaktion Medizin/Leitlinien	2009	91	2
2008.0	Wikipedia:Redaktion Medizin/Leitlinien	2010	33	2
2008.0	Wikipedia:Redaktion Medizin/Leitlinien	2011	5	2
2008.0	Wikipedia:Redaktion Medizin/Leitlinien	2012	4	2
2008.0	Wikipedia:Redaktion Medizin/Leitlinien	2013	58	2
2008.0	Wikipedia:Redaktion Medizin/Leitlinien	2014	14	2
2008.0	Wikipedia:Redaktion Medizin/Leitlinien	2015	21	3
2008.0	Wikipedia:Redaktion Medizin/Leitlinien	2016	9	3
2008.0	Wikipedia:Redaktion Medizin/Leitlinien	2017	12	3
2008.0	Wikipedia:Redaktion Medizin/Leitlinien	2018	9	3
2008.0	Wikipedia:Redaktion Medizin/Leitlinien	2019	54	3
2008.0	Wikipedia:Redaktion Medizin/Leitlinien	2020	33	3
2008.0	Wikipedia:Richtlinien Computerspiele	2008	205	3
2008.0	Wikipedia:Richtlinien Computerspiele	2009	3	4
2008.0	Wikipedia:Richtlinien Computerspiele	2010	3	4
2008.0	Wikipedia:Richtlinien Computerspiele	2011	7	4
2008.0	Wikipedia:Richtlinien Computerspiele	2013	4	4
2008.0	Wikipedia:Richtlinien Computerspiele	2014	46	4
2008.0	Wikipedia:Richtlinien Computerspiele	2016	3	4
2008.0	Wikipedia:Richtlinien Computerspiele	2017	1	4
2008.0	Wikipedia:Richtlinien Computerspiele	2018	1	4
2008.0	Wikipedia:Richtlinien Computerspiele	2019	2	4
2008.0	Wikipedia:Richtlinien Computerspiele	2020	7	4
2008.0	Wikipedia:Richtlinien E-Sport	2008	12	1
2008.0	Wikipedia:Richtlinien E-Sport	2009	9	1
2008.0	Wikipedia:Richtlinien E-Sport	2010	3	1
2008.0	Wikipedia:Richtlinien E-Sport	2011	25	1
2008.0	Wikipedia:Richtlinien E-Sport	2012	3	1
2008.0	Wikipedia:Richtlinien E-Sport	2013	1	1
2008.0	Wikipedia:Richtlinien E-Sport	2014	5	1
2008.0	Wikipedia:Richtlinien E-Sport	2015	1	1
2008.0	Wikipedia:Richtlinien E-Sport	2017	2	1
2008.0	Wikipedia:Richtlinien E-Sport	2018	14	1
2008.0	Wikipedia:Richtlinien E-Sport	2019	1	1
2008.0	Wikipedia:Richtlinien E-Sport	2020	3	1
2008.0	Wikipedia:Richtlinien Geschichte	2008	69	1
2008.0	Wikipedia:Richtlinien Geschichte	2009	6	1
2008.0	Wikipedia:Richtlinien Geschichte	2010	3	1
2008.0	Wikipedia:Richtlinien Geschichte	2011	10	1
2008.0	Wikipedia:Richtlinien Geschichte	2012	122	1
2008.0	Wikipedia:Richtlinien Geschichte	2013	2	1
2008.0	Wikipedia:Richtlinien Geschichte	2014	1	1
2008.0	Wikipedia:Richtlinien Geschichte	2015	2	1
2008.0	Wikipedia:Richtlinien Geschichte	2016	2	1
2008.0	Wikipedia:Richtlinien Geschichte	2017	4	1
2008.0	Wikipedia:Richtlinien Geschichte	2018	3	1
2008.0	Wikipedia:Richtlinien Geschichte	2020	4	1
2008.0	Wikipedia:Richtlinien Literarische Werke	2008	24	2
2008.0	Wikipedia:Richtlinien Literarische Werke	2009	7	2
2008.0	Wikipedia:Richtlinien Literarische Werke	2010	38	2
2008.0	Wikipedia:Richtlinien Literarische Werke	2011	3	2
2008.0	Wikipedia:Richtlinien Literarische Werke	2012	3	2
2008.0	Wikipedia:Richtlinien Literarische Werke	2013	7	2
2008.0	Wikipedia:Richtlinien Literarische Werke	2014	6	2
2008.0	Wikipedia:Richtlinien Literarische Werke	2015	10	2
2008.0	Wikipedia:Richtlinien Literarische Werke	2019	5	2
2008.0	Wikipedia:Richtlinien Südosteuropa	2008	326	1
2008.0	Wikipedia:Richtlinien Südosteuropa	2009	29	1
2008.0	Wikipedia:Richtlinien Südosteuropa	2010	97	1
2008.0	Wikipedia:Richtlinien Südosteuropa	2011	69	1
2008.0	Wikipedia:Richtlinien Südosteuropa	2012	2	1
2008.0	Wikipedia:Richtlinien Südosteuropa	2013	35	1
2008.0	Wikipedia:Richtlinien Südosteuropa	2014	11	1
2008.0	Wikipedia:Richtlinien Südosteuropa	2015	4	1
2008.0	Wikipedia:Richtlinien Südosteuropa	2016	5	1
2008.0	Wikipedia:Richtlinien Südosteuropa	2017	71	1
2008.0	Wikipedia:Richtlinien Südosteuropa	2018	9	1
2008.0	Wikipedia:Richtlinien Südosteuropa	2019	5	1
2008.0	Wikipedia:Richtlinien Südosteuropa	2020	39	1
2008.0	Wikipedia:Richtlinien Websites	2008	65	4
2008.0	Wikipedia:Richtlinien Websites	2009	2	4
2008.0	Wikipedia:Richtlinien Websites	2010	6	4
2008.0	Wikipedia:Richtlinien Websites	2011	4	4
2008.0	Wikipedia:Richtlinien Websites	2012	5	4
2008.0	Wikipedia:Richtlinien Websites	2013	1	4
2008.0	Wikipedia:Richtlinien Websites	2014	6	4
2008.0	Wikipedia:Richtlinien Websites	2015	3	4
2008.0	Wikipedia:Richtlinien Websites	2016	1	4
2008.0	Wikipedia:Richtlinien Websites	2017	1	4
2008.0	Wikipedia:Richtlinien Websites	2018	19	4
2008.0	Wikipedia:Richtlinien Websites	2019	2	4
2008.0	Wikipedia:Vermeide hohle Phrasen	2008	82	4
2008.0	Wikipedia:Vermeide hohle Phrasen	2009	14	4
2008.0	Wikipedia:Vermeide hohle Phrasen	2010	20	5
2008.0	Wikipedia:Vermeide hohle Phrasen	2011	40	5
2008.0	Wikipedia:Vermeide hohle Phrasen	2012	2	5
2008.0	Wikipedia:Vermeide hohle Phrasen	2013	3	5
2008.0	Wikipedia:Vermeide hohle Phrasen	2014	6	5
2008.0	Wikipedia:Vermeide hohle Phrasen	2015	5	5
2008.0	Wikipedia:Vermeide hohle Phrasen	2019	1	5
2009.0	Portal:Hund/Leitlinien	2009	22	1
2009.0	Portal:Hund/Leitlinien	2010	10	1
2009.0	Portal:Hund/Leitlinien	2012	4	1
2009.0	Portal:Hund/Leitlinien	2013	1	1
2009.0	Portal:Hund/Leitlinien	2015	1	1
2009.0	Portal:Wirtschaft/Richtlinien	2009	7	1
2009.0	Portal:Wirtschaft/Richtlinien	2010	3	1
2009.0	Portal:Wirtschaft/Richtlinien	2018	1	1
2009.0	Wikipedia:Meinungsbilder/Regelungen	2009	4	1
2009.0	Wikipedia:Meinungsbilder/Regelungen	2010	19	1
2009.0	Wikipedia:Meinungsbilder/Regelungen	2011	49	1
2009.0	Wikipedia:Meinungsbilder/Regelungen	2012	7	1
2009.0	Wikipedia:Meinungsbilder/Regelungen	2013	2	1
2009.0	Wikipedia:Meinungsbilder/Regelungen	2014	7	1
2009.0	Wikipedia:Meinungsbilder/Regelungen	2015	8	1
2009.0	Wikipedia:Meinungsbilder/Regelungen	2016	5	1
2009.0	Wikipedia:Meinungsbilder/Regelungen	2019	7	1
2009.0	Wikipedia:Meinungsbilder/Regelungen	2020	1	1
2009.0	Wikipedia:Redaktion Film und Fernsehen/Richtlinien	2009	58	1
2009.0	Wikipedia:Redaktion Film und Fernsehen/Richtlinien	2010	30	1
2009.0	Wikipedia:Redaktion Film und Fernsehen/Richtlinien	2011	8	1
2009.0	Wikipedia:Redaktion Film und Fernsehen/Richtlinien	2012	9	1
2009.0	Wikipedia:Redaktion Film und Fernsehen/Richtlinien	2013	30	1
2009.0	Wikipedia:Redaktion Film und Fernsehen/Richtlinien	2014	13	1
2009.0	Wikipedia:Redaktion Film und Fernsehen/Richtlinien	2015	30	1
2009.0	Wikipedia:Redaktion Film und Fernsehen/Richtlinien	2016	4	1
2009.0	Wikipedia:Redaktion Film und Fernsehen/Richtlinien	2017	25	1
2009.0	Wikipedia:Redaktion Film und Fernsehen/Richtlinien	2018	14	1
2009.0	Wikipedia:Redaktion Film und Fernsehen/Richtlinien	2019	6	1
2009.0	Wikipedia:Redaktion Film und Fernsehen/Richtlinien	2020	1	1
2009.0	Wikipedia:Redaktion Musik/Leitfaden Musikartikel	2009	20	2
2009.0	Wikipedia:Redaktion Musik/Leitfaden Musikartikel	2010	17	2
2009.0	Wikipedia:Redaktion Musik/Leitfaden Musikartikel	2011	24	2
2009.0	Wikipedia:Redaktion Musik/Leitfaden Musikartikel	2012	15	2
2009.0	Wikipedia:Redaktion Musik/Leitfaden Musikartikel	2013	6	2
2009.0	Wikipedia:Redaktion Musik/Leitfaden Musikartikel	2014	14	3
2009.0	Wikipedia:Redaktion Musik/Leitfaden Musikartikel	2015	10	3
2009.0	Wikipedia:Redaktion Musik/Leitfaden Musikartikel	2016	1	3
2009.0	Wikipedia:Redaktion Musik/Leitfaden Musikartikel	2017	9	3
2009.0	Wikipedia:Redaktion Musik/Leitfaden Musikartikel	2018	1	3
2009.0	Wikipedia:Redaktion Musik/Leitfaden Musikartikel	2019	29	3
2009.0	Wikipedia:Redaktion Musik/Leitfaden Musikartikel	2020	2	3
2009.0	Wikipedia:Richtlinien Comics	2009	4	2
2009.0	Wikipedia:Richtlinien Comics	2010	1	2
2009.0	Wikipedia:Richtlinien Comics	2011	5	2
2009.0	Wikipedia:Richtlinien Comics	2012	7	2
2009.0	Wikipedia:Richtlinien Comics	2014	4	2
2009.0	Wikipedia:Richtlinien bildende Kunst	2009	51	2
2009.0	Wikipedia:Richtlinien bildende Kunst	2010	98	2
2009.0	Wikipedia:Richtlinien bildende Kunst	2011	24	2
2009.0	Wikipedia:Richtlinien bildende Kunst	2012	18	3
2009.0	Wikipedia:Richtlinien bildende Kunst	2013	23	3
2009.0	Wikipedia:Richtlinien bildende Kunst	2014	3	3
2009.0	Wikipedia:Richtlinien bildende Kunst	2015	9	3
2009.0	Wikipedia:Richtlinien bildende Kunst	2016	2	3
2009.0	Wikipedia:Richtlinien bildende Kunst	2017	10	3
2009.0	Wikipedia:Richtlinien bildende Kunst	2018	11	3
2009.0	Wikipedia:Richtlinien bildende Kunst	2019	210	3
2009.0	Wikipedia:Richtlinien bildende Kunst	2020	10	3
2010.0	Wikipedia:Redaktion Musik/Leitfaden Musikartikel/Musikalische Werke	2010	146	1
2010.0	Wikipedia:Redaktion Musik/Leitfaden Musikartikel/Musikalische Werke	2011	28	1
2010.0	Wikipedia:Redaktion Musik/Leitfaden Musikartikel/Musikalische Werke	2012	1	1
2010.0	Wikipedia:Redaktion Musik/Leitfaden Musikartikel/Musikalische Werke	2013	18	1
2010.0	Wikipedia:Redaktion Musik/Leitfaden Musikartikel/Musikalische Werke	2014	14	1
2010.0	Wikipedia:Redaktion Musik/Leitfaden Musikartikel/Musikalische Werke	2015	5	1
2010.0	Wikipedia:Redaktion Musik/Leitfaden Musikartikel/Musikalische Werke	2016	2	1
2010.0	Wikipedia:Redaktion Musik/Leitfaden Musikartikel/Musikalische Werke	2017	3	1
2010.0	Wikipedia:Redaktion Musik/Leitfaden Musikartikel/Musikalische Werke	2018	2	1
2010.0	Wikipedia:Redaktion Musik/Leitfaden Musikartikel/Musikalische Werke	2019	1	1
2010.0	Wikipedia:Redaktion Recht/Richtlinien	2010	99	1
2010.0	Wikipedia:Redaktion Recht/Richtlinien	2011	35	1
2010.0	Wikipedia:Redaktion Recht/Richtlinien	2012	26	1
2010.0	Wikipedia:Redaktion Recht/Richtlinien	2013	16	1
2010.0	Wikipedia:Redaktion Recht/Richtlinien	2014	7	1
2010.0	Wikipedia:Redaktion Recht/Richtlinien	2015	5	1
2010.0	Wikipedia:Redaktion Recht/Richtlinien	2016	6	1
2010.0	Wikipedia:Redaktion Recht/Richtlinien	2017	2	1
2010.0	Wikipedia:Redaktion Recht/Richtlinien	2018	4	1
2010.0	Wikipedia:Redaktion Recht/Richtlinien	2019	17	1
2010.0	Wikipedia:Redaktion Recht/Richtlinien	2020	1	1
2010.0	Wikipedia:Richtlinien Physik	2010	312	1
2010.0	Wikipedia:Richtlinien Physik	2011	135	1
2010.0	Wikipedia:Richtlinien Physik	2012	327	1
2010.0	Wikipedia:Richtlinien Physik	2013	282	1
2010.0	Wikipedia:Richtlinien Physik	2014	101	1
2010.0	Wikipedia:Richtlinien Physik	2015	77	1
2010.0	Wikipedia:Richtlinien Physik	2016	4	1
2010.0	Wikipedia:Richtlinien Physik	2017	42	1
2010.0	Wikipedia:Richtlinien Physik	2018	31	1
2010.0	Wikipedia:Richtlinien Physik	2019	41	1
2010.0	Wikipedia:Richtlinien Physik	2020	23	1
2010.0	Wikipedia:Spaltensatz	2010	23	1
2010.0	Wikipedia:Spaltensatz	2011	16	1
2010.0	Wikipedia:Spaltensatz	2013	5	1
2010.0	Wikipedia:Spaltensatz	2014	8	1
2010.0	Wikipedia:Spaltensatz	2015	8	1
2010.0	Wikipedia:Spaltensatz	2016	6	1
2010.0	Wikipedia:Spaltensatz	2017	8	1
2010.0	Wikipedia:Spaltensatz	2018	2	1
2010.0	Wikipedia:Spaltensatz	2019	4	1
2011.0	Wikipedia:Namenskonventionen/Albanische Eigennamen	2011	16	1
2011.0	Wikipedia:Namenskonventionen/Albanische Eigennamen	2012	1	1
2011.0	Wikipedia:Namenskonventionen/Albanische Eigennamen	2013	2	1
2011.0	Wikipedia:Namenskonventionen/Albanische Eigennamen	2015	1	1
2011.0	Wikipedia:Namenskonventionen/Albanische Eigennamen	2016	2	1
2011.0	Wikipedia:Namenskonventionen/Albanische Eigennamen	2017	1	1
2011.0	Wikipedia:Namenskonventionen/Albanische Eigennamen	2019	1	1
2011.0	Wikipedia:Namenskonventionen/Rumänisch	2011	16	1
2011.0	Wikipedia:Namenskonventionen/Rumänisch	2012	1	1
2011.0	Wikipedia:Namenskonventionen/Rumänisch	2017	4	1
2012.0	Wikipedia:Hauptseite/Schon gewusst/Teaser	2012	46	2
2012.0	Wikipedia:Hauptseite/Schon gewusst/Teaser	2013	12	2
2012.0	Wikipedia:Hauptseite/Schon gewusst/Teaser	2014	2	2
2012.0	Wikipedia:Hauptseite/Schon gewusst/Teaser	2015	31	2
2012.0	Wikipedia:Hauptseite/Schon gewusst/Teaser	2016	5	2
2012.0	Wikipedia:Hauptseite/Schon gewusst/Teaser	2017	1	2
2014.0	Wikipedia:Nichtdiskriminierung	2014	25	1
2015.0	Portal:Bergbau/Namenskonventionen	2015	35	1
2015.0	Portal:Bergbau/Namenskonventionen	2019	3	1
2015.0	Portal:Bergbau/Namenskonventionen	2020	14	1
2016.0	Wikipedia:Namenskonventionen/Usbekisch	2016	3	1
2016.0	Wikipedia:Namenskonventionen/Usbekisch	2017	1	1
2017.0	Portal:Antarktis/Konventionen	2017	1	1
2017.0	Portal:Antarktis/Konventionen	2019	1	1
